exam_id,title,description,status,start_at,end_at,duration_minutes,questions_json,eligible_column,eligible_count,created_at,updated_at,
APTB1,Aptitude Test - Rescheduled,"Aptitude Assessment Guidelines

1. All tab switches during the assessment will be monitored and recorded.
2. Candidates are required to keep their camera turned on throughout the assessment.
3. All participants must join the Google Meet session sharply at 8:00 PM. Late entry may not be permitted.
4. More than two tab switches will result in immediate disqualification from the assessment.
5.Any form of malpractice, misconduct, or unfair means will lead to immediate termination of the opportunity from the IIC. Such candidates will not be considered for any future IIC registrations or opportunities.
6. Candidates are advised to maintain professionalism and strictly adhere to the assessment guidelines.",CLOSED,2026-05-25 20:00:00,2026-05-25 20:50:00,45,"[{""prompt"":""A shopkeeper marks up a product by 40% and then offers a 20% discount. What is the net profit percentage?"",""options"":[""0.08"",""0.12"",""0.16"",""0.2""],""answerIndex"":1,""weight"":1},{""prompt"":""If 30% of a number added to 24 gives 54 what is the number?"",""options"":[""80"",""90"",""100"",""120""],""answerIndex"":2,""weight"":1},{""prompt"":""A student scored 72% in an exam. If the maximum marks are 650 how many marks did the student score?"",""options"":[""458"",""468"",""475"",""480""],""answerIndex"":1,""weight"":1},{""prompt"":""The average of 5 numbers is 42. If one number is excluded the average becomes 40. What is the excluded number?"",""options"":[""48"",""50"",""52"",""54""],""answerIndex"":1,""weight"":1},{""prompt"":""The average age of 10 students is 14 years. When a teacher joins the group the average becomes 16 years. What is the teacher's age?"",""options"":[""36"",""38"",""40"",""42""],""answerIndex"":0,""weight"":1},{""prompt"":""The average of 8 consecutive even numbers is 61. What is the largest number?"",""options"":[""68"",""70"",""72"",""74""],""answerIndex"":0,""weight"":1},{""prompt"":""Two numbers are in the ratio 3:5. If 10 is added to each the new ratio becomes 5:7. What are the original numbers?"",""options"":[""12 and 20"",""15 and 25"",""18 and 30"",""21 and 35""],""answerIndex"":1,""weight"":1},{""prompt"":""A sum of Rs 1200 is divided among A B and C in the ratio 2:3:5. How much does B get?"",""options"":[""240"",""360"",""480"",""600""],""answerIndex"":1,""weight"":1},{""prompt"":""If A:B = 4:5 and B:C = 3:4 what is A:C?"",""options"":[""3:5"",""Sat Dec 30 1899 12:20:00 GMT+0521 (India Standard Time)"",""Sat Dec 30 1899 12:17:00 GMT+0521 (India Standard Time)"",""3:7""],""answerIndex"":1,""weight"":1},{""prompt"":""A bag contains 4 red 5 blue and 6 green balls. One ball is drawn at random. What is the probability it is not red?"",""options"":[""Sun Nov 15 2026 00:00:00 GMT+0530 (India Standard Time)"",""Wed Apr 15 2026 00:00:00 GMT+0530 (India Standard Time)"",""Wed Jul 15 2026 00:00:00 GMT+0530 (India Standard Time)"",""Tue Feb 03 2026 00:00:00 GMT+0530 (India Standard Time)""],""answerIndex"":0,""weight"":1},{""prompt"":""Two dice are rolled. What is the probability that the sum is 8?"",""options"":[""5/36"",""6/36"",""7/36"",""8/36""],""answerIndex"":0,""weight"":1},{""prompt"":""A card is drawn from a standard deck of 52 cards. What is the probability of drawing a king or a heart?"",""options"":[""16/52"",""17/52"",""Mon Apr 13 2026 00:00:00 GMT+0530 (India Standard Time)"",""17/52""],""answerIndex"":2,""weight"":1},{""prompt"":""In how many ways can 5 people be arranged in a row?"",""options"":[""60"",""100"",""120"",""240""],""answerIndex"":2,""weight"":1},{""prompt"":""A committee of 3 is to be chosen from 6 men and 4 women such that at least 1 woman is included. How many ways is this possible?"",""options"":[""164"",""186"",""196"",""200""],""answerIndex"":2,""weight"":1},{""prompt"":""How many 4-digit numbers can be formed using digits 1 to 7 with no repetition?"",""options"":[""840"",""720"",""604"",""840""],""answerIndex"":0,""weight"":1},{""prompt"":""The mean of a data set is 50 and the standard deviation is 5. What is the coefficient of variation?"",""options"":[""0.05"",""0.1"",""0.15"",""0.2""],""answerIndex"":1,""weight"":1},{""prompt"":""The median of the set {3 7 9 13 17 21 25} is:"",""options"":[""9"",""13"",""17"",""21""],""answerIndex"":1,""weight"":1},{""prompt"":""If the mode of a data set is 15 and the mean is 21 what is the median according to the empirical formula?"",""options"":[""18"",""19"",""20"",""21""],""answerIndex"":0,""weight"":1},{""prompt"":""Solve for x: 3x + 7 = 2x - 5"",""options"":[""−10"",""−12"",""−14"",""−16""],""answerIndex"":1,""weight"":1},{""prompt"":""If 2x - 3y = 12 and x + y = 1 what is the value of x?"",""options"":[""3"",""4"",""5"",""6""],""answerIndex"":2,""weight"":1},{""prompt"":""The sum of a number and its reciprocal is 10/3. What is the number?"",""options"":[""2 or 1/2"",""3 or 1/3"",""4 or 1/4"",""5 or 1/5""],""answerIndex"":1,""weight"":1},{""prompt"":""A can complete a work in 15 days and B can complete it in 10 days. In how many days can they complete it together?"",""options"":[""5"",""6"",""7"",""8""],""answerIndex"":1,""weight"":1},{""prompt"":""A and B together can do a job in 12 days. A alone takes 20 days. How long will B alone take?"",""options"":[""25"",""28"",""30"",""32""],""answerIndex"":2,""weight"":1},{""prompt"":""If 12 workers can build a wall in 18 days how many workers are needed to build it in 12 days?"",""options"":[""16"",""18"",""20"",""22""],""answerIndex"":1,""weight"":1},{""prompt"":""A train travels 240 km in 4 hours. What speed must it maintain for the next 360 km to average 80 km/h overall?"",""options"":[""80"",""85"",""90"",""95""],""answerIndex"":2,""weight"":1},{""prompt"":""Two trains 150 m and 200 m long approach each other at 60 km/h and 90 km/h respectively. How long do they take to cross?"",""options"":[""10 sec"",""12 sec"",""14 sec"",""16 sec""],""answerIndex"":2,""weight"":1},{""prompt"":""A person walks at 5 km/h and reaches 10 minutes late. At 6 km/h he is 5 minutes early. What is the distance?"",""options"":[""7 km"",""7.5 km"",""8 km"",""8.5 km""],""answerIndex"":1,""weight"":1},{""prompt"":""Find the next term in the series: 2 6 12 20 30 _"",""options"":[""40"",""42"",""44"",""46""],""answerIndex"":1,""weight"":1},{""prompt"":""In a code language if CAT = 3120 then DOG = ?"",""options"":[""41523"",""41524"",""41523"",""41522""],""answerIndex"":0,""weight"":1},{""prompt"":""P Q R S T are sitting in a row facing north. Q is to the immediate right of P. T is at the extreme right. R and S have exactly one person between them. S is not adjacent to T. Who is sitting in the middle?"",""options"":[""Q"",""R"",""S"",""T""],""answerIndex"":1,""weight"":1}]",A,87,2026-05-22T10:35:34.842Z,2026-05-24T04:52:19.306Z,APTITUDE
csm,Communication Skills Assessment,A non-MCQ communication skills assessment. Students provide video and written responses directly in the response sheet.,CLOSED,2026-05-23 15:00:00,2026-05-25 23:59:00,0,"[{""prompt"":""Formal Dressed - Self Intro video activity\nPlease follow the guidelines shared - formal dress code. No distraction in the room you record the video. Introduce yourself briefly. Make a video recording of your self-introduction and upload the same as the answer to this question (not exceeding 3 minutes).\nThe drive link to the video may be uploaded in the given field. Your \""Share\"" settings should be such that anyone with the link can open the file. If the file cannot be opened due to your drive settings, your answer will be disqualified from evaluation and you will be marked zero."",""responseType"":""URL"",""options"":[],""answerIndex"":-1,""weight"":0},{""prompt"":""Listening Skill Assessment - Listen and Speak\nDo you agree with the speakers? Why or why not? Prepare a short audio recording not exceeding 3 minutes stating your own opinion on the matter and giving arguments to support your answer. AI generated answers will be penalised. The drive link to the audio may be uploaded in the given field. Your \""Share\"" settings should be such that anyone with the link can open the file. If the file cannot be opened due to your drive settings, your answer will be disqualified from evaluation and you will be marked zero."",""responseType"":""URL"",""options"":[],""answerIndex"":-1,""weight"":0},{""prompt"":""Listening Skill Assessment - Listen and write\nListen to the audio sample and summarise the opinions voiced by the speakers in no more than 500 words. Write in full sentences, not in bulleted points. AI generated answers will be penalised.\nAudio link: https://drive.google.com/file/d/1i28YWLZmPB28S7jFqOx_8dEqo9fuZ_-P/view?usp=sharing"",""responseType"":""TEXT"",""options"":[],""answerIndex"":-1,""weight"":0},{""prompt"":""Email Writing\nYou are a marketing intern at ABC Educational Consultancy and part of the team organizing a student outreach program as an educational fair. Write an e-mail, not exceeding 300 words, inviting AGT Institute of Technology, one of your partner colleges, to the fair. Highlight how the event might be useful to their students, detail the various services that you provide, and intimate the date, time and venue to them."",""responseType"":""TEXT"",""options"":[],""answerIndex"":-1,""weight"":0}]",B,41,2026-05-22T12:18:29.874Z,2026-05-23T05:46:23.734Z,CSM
PPMB1,Pre-Placement Assessment - ReAttempt,Kindly complete the submission within the specified deadline.,CLOSED,2026-05-23 15:00:00,2026-05-25 23:59:00,0,"[{""prompt"":""A technical team models a database system's transaction failures and determines that there is a p = 0.12 probability of write-concurrency blockages during the daily data synchronization window. The operations group requires technical details to implement mitigation scripts, while the product VP is highly sensitive to customer experience metrics. How should the lead engineer structure the communication?"",""options"":[""Issue a unified diagnostic dump containing raw lock-contention logs and mathematical latency distributions to all stakeholders to ensure transparency."",""Provide a high-level qualitative reassurance to both groups that the system is stable, while quietly deploying a sequential patch."",""Issue a structured report featuring an executive summary explaining that 12% of peak transactions may experience short retries, and include a technical appendix detailing lock-contention mechanics for the operations group."",""Recommend that the product VP attend a database administration deep-dive to understand the concurrent transaction isolation levels.""],""answerIndex"":2,""weight"":1},{""prompt"":""An analytics platform indicates that a newly deployed product recommendations model did not meet its conversion targets due to shifts in regional user demographics. How should the analyst present this to the executive sponsors to preserve credibility?"",""options"":[""Attribute the performance gap entirely to unpredictable market conditions and suggest waiting another quarter for better data."",""Frame the presentation around the model's high mathematical complexity and the quality of the underlying codebase."",""Acknowledge the conversion gap, isolate the demographic shift using historical baseline data, and present a clear, structured plan to retrain the model."",""Recommend deprecating the recommendation engine immediately and returning to a simple, heuristic-based listing system.""],""answerIndex"":2,""weight"":1},{""prompt"":""A cross-functional team is presenting an API latency analysis to business partners who are sensitive to customer churn. Which phrasing is most appropriate to ensure the business stakeholders comprehend the implications?"",""options"":[""The API's 99th percentile response latency has increased by 350 milliseconds, causing a change in our database read distributions."",""The system is experiencing network performance degradation, which is impacting our core microservices and database queries."",""An increase in checkout API latency is directly causing a 5% drop in complete checkouts, representing an estimated loss of $15,000 in daily revenue."",""The server response times are slower because of high traffic, but the engineering team is actively working on optimization.""],""answerIndex"":2,""weight"":1},{""prompt"":""An analyst needs to design a dashboard interface for a retail operations manager who needs to monitor transaction anomalies. Which layout design is most effective?"",""options"":[""A detailed data table showing all transaction records, allowing the manager to manually scroll and spot discrepancies."",""A single KPI card showing the active anomaly count, which expands to a prioritized, searchable table of flagged transactions when clicked."",""An automated daily PDF report containing 15 different bar charts tracking every product category's inventory levels."",""A live, scrolling terminal feed showing raw security log events as they occur on the server.""],""answerIndex"":1,""weight"":1},{""prompt"":""An analyst discovers a significant query logic error in a monthly sales report that has already been delivered to the finance director. What is the most professional way to handle this?"",""options"":[""Correct the query logic silently and apply the fix only to future monthly reports to avoid causing confusion."",""Inform the finance director of the query logic error, quantify the exact financial variance between the reports, and deliver the corrected report immediately."",""Submit an anonymous IT helpdesk ticket requesting a database schema review and wait for the standard response."",""Suggest that the variance is a minor data update issue caused by late-reporting regional transactions.""],""answerIndex"":1,""weight"":1},{""prompt"":""An engineering team is explaining a complex data pipeline migration to a non-technical project manager. Which analogy is most appropriate to use?"",""options"":[""Comparing the data migration to moving water from a reservoir to household taps using a new filtration system and pipeline network."",""Explaining the step-by-step SQL syntax used in the ETL scripts."",""Describing the raw database schemas and key constraints in the target tables."",""Advising the project manager to rely on the engineering team's expertise rather than trying to understand the pipeline's mechanics.""],""answerIndex"":0,""weight"":1},{""prompt"":""During an executive review, an analyst is asked about a sudden drop in a key performance metric. The analyst has not yet completed the root-cause analysis. What is the most appropriate response?"",""options"":[""Provide several likely causes during the meeting to demonstrate quick thinking, even without supporting data."",""Acknowledge the drop, state that the root-cause analysis is currently underway, and provide a clear timeline for delivering the findings."",""Avoid mentioning the drop during the review and focus the presentation on positive performance metrics."",""Suggest that the drop is likely a temporary data reporting anomaly that will resolve itself next month.""],""answerIndex"":1,""weight"":1},{""prompt"":""A data science team is presenting a predictive model for real-estate pricing to risk-averse investment managers. How should the model's performance be communicated?"",""options"":[""Focus exclusively on the maximum upside predictions and optimistic market growth scenarios."",""Present the mean absolute percentage error (MAPE) alongside a detailed sensitivity analysis showing how the model performs during market downturns."",""Focus on the underlying neural network's architecture to demonstrate technical superiority."",""Assure the managers that the model is highly accurate and free of statistical uncertainty.""],""answerIndex"":1,""weight"":1},{""prompt"":""A business analyst discovers that an automated marketing campaign is targeting the wrong customer segment due to a database join error. What is the best way to communicate this to the marketing manager?"",""options"":[""Inform the manager that the database architecture is poorly designed and requires a complete overhaul."",""Quantify the volume of misdirected emails, explain the technical root cause of the join error, and present a verified SQL patch that resolves the issue immediately."",""Quietly fix the SQL query and hope the marketing manager does not notice the historical discrepancies."",""Submit an anonymous IT helpdesk ticket and wait for the standard turnaround time.""],""answerIndex"":1,""weight"":1},{""prompt"":""When presenting a data-driven proposal for a major process change, what is the most effective structure for a 10-minute presentation to busy C-suite executives?"",""options"":[""Spend 8 minutes on the technical data extraction process and 2 minutes on the strategic recommendation."",""Start immediately with the strategic recommendation and its financial impact, spend 6 minutes on supporting data evidence, and close with a clear call to action."",""Deliver a chronological history of how the business arrived at its current process inefficiencies."",""Walk through every feature engineering iteration tried by the data science team.""],""answerIndex"":1,""weight"":1},{""prompt"":""A business executive reviews an analysis showing a strong positive correlation (r = 0.87) between social media ad spend and weekly physical store traffic. The executive declares: 'We must immediately double our social media budget to drive more in-store sales.' How should the analyst address this conclusion?"",""options"":[""Agree with the decision, as the strong correlation coefficient (r) indicates a clear causal relationship."",""Explain that while the correlation is strong, a third variable—such as a major holiday shopping season—might be driving both metrics, and recommend a localized A/B test to isolate the true causal effect."",""Inform the executive that correlation is mathematically useless and refuse to support the decision."",""Redraw the correlation plot using a logarithmic scale to make the relationship appear less linear.""],""answerIndex"":1,""weight"":1},{""prompt"":""A data analyst's mid-year report indicates a 15% increase in customer churn rates. The customer support VP insists that delayed product updates are the sole cause. However, the data also reveals a significant drop in first-contact resolution (FCR) rates by the support team. How should the analyst present these findings?"",""options"":[""Exclude the FCR metric to avoid conflicting with the VP's hypothesis and preserve team harmony."",""Present both hypotheses neutrally, highlighting that while product delays are a factor, statistical modeling indicates that drops in FCR have a stronger predictive relationship with churn."",""Attribute the entire churn spike to support team performance, exonerating the product development team."",""State that because both variables are correlated with churn, it is impossible to draw any actionable business conclusions.""],""answerIndex"":1,""weight"":1},{""prompt"":""A stakeholder demands to know the exact completion date of a predictive analytics project that contains significant data quality ambiguities. What is the most professional way to handle this request?"",""options"":[""Provide an optimistic, single-date estimate to reassure the stakeholder, then work overtime to meet it."",""Refuse to provide any timeline until all data quality issues are completely resolved and verified."",""Present a range-based timeline mapped to key data-cleaning milestones, explaining how resolving specific data ambiguities will impact the project's delivery."",""Ask the stakeholder to resolve the data quality issues themselves before asking for a timeline.""],""answerIndex"":2,""weight"":1},{""prompt"":""An analysis shows that users who complete an optional profile setup step have a 40% higher customer lifetime value (LTV). The product manager wants to make this profile step mandatory for all users. What is the most critical analytical warning the analyst must deliver?"",""options"":[""Making the step mandatory will automatically increase all users' LTV by 40%."",""Completing the profile may be a self-selection signal of already highly engaged users; forcing disengaged users to complete it could increase signup drop-offs without boosting LTV."",""The profile setup step is computationally expensive and will crash our database servers."",""We should not change the product because our current data model is optimized for the existing layout.""],""answerIndex"":1,""weight"":1},{""prompt"":""A marketing lead insists that a short-term pricing promotion caused a sudden spike in website conversions. However, the analyst notes that the spike coincided with a major competitor's server outage. How should the analyst resolve this ambiguity?"",""options"":[""Attribute the spike to the pricing promotion to support the marketing lead's campaign performance metrics."",""Conduct a comparative traffic analysis during the competitor's outage period using historical baseline data to isolate external demand spillover from internal promotional effects."",""Declare the analysis inconclusive and advise against running any future pricing promotions."",""Suggest that the pricing promotion caused the competitor's server outage.""],""answerIndex"":1,""weight"":1},{""prompt"":""An operations executive asks for a simple, single-sentence executive summary explaining why shipping costs rose by 20% this quarter. The data points to a complex mix of fuel price increases, driver shortages, and inefficient warehouse routing. Which summary is most appropriate?"",""options"":[""Shipping costs rose by 20% due to factors that are completely outside of the company's operational control."",""A 20% increase in shipping costs was driven by rising external fuel prices and driver shortages, which was further compounded by a 5% drop in warehouse routing efficiency."",""We need to conduct a series of deep-dive analyses over the next few months to understand why costs are rising."",""Our warehousing operations are highly inefficient, which is the primary driver of our current cost overrun.""],""answerIndex"":1,""weight"":1},{""prompt"":""A retail brand's data analyst finds that organic website traffic and physical store sales both drop on rainy days. A business manager concludes that rain causes people to lose interest in the brand. How should the analyst reframe this observation?"",""options"":[""Agree with the manager's behavioral analysis and suggest launching a rain-themed marketing campaign."",""Explain that rain acts as an environmental barrier to physical mobility, which impacts physical retail visits, while the drop in organic web traffic may point to a broader shift in consumer behavior on rainy days that requires further investigation."",""Ignore the physical store data and focus exclusively on optimizing website performance during sunny days."",""Run a simulation to prove that rain has no statistical relationship with consumer purchase intent.""],""answerIndex"":1,""weight"":1},{""prompt"":""A stakeholder presents a third-party report showing that 'companies using AI have 50% higher profit margins' and demands an immediate, unstructured deployment of generative AI tools across all departments. What is the most rational analytical response?"",""options"":[""Implement the tools immediately to ensure the company does not fall behind its competitors."",""Point out that high-margin companies have more capital to invest in experimental AI technologies, meaning high margins may be driving AI adoption rather than vice versa, and propose a structured pilot program with clear metrics."",""Inform the stakeholder that the third-party report is likely biased and refuse to implement any AI tools."",""Deploy the tools in a single department and attribute any subsequent margin improvements entirely to AI.""],""answerIndex"":1,""weight"":1},{""prompt"":""An A/B test reveals that a new homepage design increased click-through rates (CTR) by 2%, but also resulted in a 5% drop in average order value (AOV). The product owner only wants to report the positive CTR result to executive leadership. How should the analyst handle this?"",""options"":[""Comply with the request to maintain a positive relationship with the product owner."",""Present a balanced view to both the product owner and executive leadership, highlighting the trade-off between CTR and AOV, and calculate the net impact on total revenue to determine the optimal strategy."",""Report only the negative AOV result directly to executive leadership to bypass the product owner."",""Stop working on the project due to ethical concerns regarding data omission.""],""answerIndex"":1,""weight"":1},{""prompt"":""A senior stakeholder wants to know if a newly implemented training program 'caused' an increase in employee productivity. What is the most statistically rigorous way for the analyst to explain the limitations of the current observational data?"",""options"":[""The data proves causality because productivity rose immediately after the training was completed."",""Without a control group of employees who did not receive the training, we cannot isolate the training's impact from other external factors like seasonal workflows or team restructuring."",""Causality is a purely theoretical concept that cannot be measured or applied in a real-world corporate environment."",""The training program definitely caused the productivity increase, and we should roll it out to all remaining departments.""],""answerIndex"":1,""weight"":1}]",D,26,2026-05-23T06:08:02.586Z,2026-05-24T06:46:14.311Z,PREPLACEMENT
APTB1,"Aptitude Re-Exam - May 26, 2026","Aptitude Assessment Guidelines

1. All tab switches during the assessment will be monitored and recorded.
2. Candidates are required to keep their camera turned on throughout the assessment.
3. All participants must join the Google Meet session sharply at 8:00 PM. Late entry may not be permitted.
4. More than two tab switches will result in immediate disqualification from the assessment.
5.Any form of malpractice, misconduct, or unfair means will lead to immediate termination of the opportunity from the IIC. Such candidates will not be considered for any future IIC registrations or opportunities.
6. Candidates are advised to maintain professionalism and strictly adhere to the assessment guidelines.",CLOSED,2026-05-26 20:00:00,2026-05-26 20:50:00,45,"[{""prompt"":""A shopkeeper marks up a product by 40% and then offers a 20% discount. What is the net profit percentage?"",""options"":[""8%"",""12%"",""16%"",""20%""],""answerIndex"":1,""weight"":1},{""prompt"":""If 30% of a number added to 24 gives 54 what is the number?"",""options"":[""80"",""90"",""100"",""120""],""answerIndex"":2,""weight"":1},{""prompt"":""A student scored 72% in an exam. If the maximum marks are 650 how many marks did the student score?"",""options"":[""458"",""468"",""475"",""480""],""answerIndex"":1,""weight"":1},{""prompt"":""The average of 5 numbers is 42. If one number is excluded the average becomes 40. What is the excluded number?"",""options"":[""48"",""50"",""52"",""54""],""answerIndex"":1,""weight"":1},{""prompt"":""The average age of 10 students is 14 years. When a teacher joins the group the average becomes 16 years. What is the teacher's age?"",""options"":[""36"",""38"",""40"",""42""],""answerIndex"":0,""weight"":1},{""prompt"":""Two numbers are in the ratio 3:5. If 10 is added to each the new ratio becomes 5:7. What are the original numbers?"",""options"":[""12 and 20"",""15 and 25"",""18 and 30"",""21 and 35""],""answerIndex"":1,""weight"":1},{""prompt"":""A sum of Rs 1200 is divided among A B and C in the ratio 2:3:5. How much does B get?"",""options"":[""240"",""360"",""480"",""600""],""answerIndex"":1,""weight"":1},{""prompt"":""If A:B = 4:5 and B:C = 3:4 what is A:C?"",""options"":[""3:5"",""12:20"",""12:17"",""3:7""],""answerIndex"":1,""weight"":1},{""prompt"":""A bag contains 4 red 5 blue and 6 green balls. One ball is drawn at random. What is the probability it is not red?"",""options"":[""11/15"",""4/15"",""7/15"",""2/3""],""answerIndex"":0,""weight"":1},{""prompt"":""Two dice are rolled. What is the probability that the sum is 8?"",""options"":[""5/36"",""6/36"",""7/36"",""8/36""],""answerIndex"":0,""weight"":1},{""prompt"":""The average of 8 consecutive even numbers is 61. What is the largest number?"",""options"":[""64"",""66"",""68"",""Invalid""],""answerIndex"":3,""weight"":1},{""prompt"":""In how many ways can 5 people be arranged in a row?"",""options"":[""60"",""100"",""120"",""240""],""answerIndex"":2,""weight"":1},{""prompt"":""A card is drawn from a standard deck of 52 cards. What is the probability of drawing a king or a heart?"",""options"":[""16/52"",""17/52"",""4/13"",""1/4""],""answerIndex"":1,""weight"":1},{""prompt"":""How many 4-digit numbers can be formed using digits 1 to 7 with no repetition?"",""options"":[""840"",""720"",""604"",""840""],""answerIndex"":0,""weight"":1},{""prompt"":""The mean of a data set is 50 and the standard deviation is 5. What is the coefficient of variation?"",""options"":[""5%"",""10%"",""15%"",""20%""],""answerIndex"":1,""weight"":1},{""prompt"":""The median of the set {3 7 9 13 17 21 25} is:"",""options"":[""9"",""13"",""17"",""21""],""answerIndex"":1,""weight"":1},{""prompt"":""A committee of 3 is to be chosen from 6 men and 4 women such that at least 1 woman is included. How many ways is this possible?"",""options"":[""80"",""90"",""100"",""120""],""answerIndex"":2,""weight"":1},{""prompt"":""Solve for x: 3x + 7 = 2x - 5"",""options"":[""−10"",""−12"",""−14"",""−16""],""answerIndex"":1,""weight"":1},{""prompt"":""If the mode of a data set is 15 and the mean is 21, what is the median according to the empirical formula?"",""options"":[""18"",""19"",""20"",""21""],""answerIndex"":1,""weight"":1},{""prompt"":""The sum of a number and its reciprocal is 10/3. What is the number?"",""options"":[""2 or 1/2"",""3 or 1/3"",""4 or 1/4"",""5 or 1/5""],""answerIndex"":1,""weight"":1},{""prompt"":""A can complete a work in 15 days and B can complete it in 10 days. In how many days can they complete it together?"",""options"":[""5"",""6"",""7"",""8""],""answerIndex"":1,""weight"":1},{""prompt"":""A and B together can do a job in 12 days. A alone takes 20 days. How long will B alone take?"",""options"":[""25"",""28"",""30"",""32""],""answerIndex"":2,""weight"":1},{""prompt"":""If 12 workers can build a wall in 18 days how many workers are needed to build it in 12 days?"",""options"":[""16"",""18"",""20"",""22""],""answerIndex"":1,""weight"":1},{""prompt"":""If 2x - 3y = 12 and x + y = 1, what is the value of x?"",""options"":[""3"",""4"",""5"",""6""],""answerIndex"":0,""weight"":1},{""prompt"":""A train travels 240 km in 4 hours. What speed must it maintain for the next 360 km to average 80 km/h overall?"",""options"":[""100 km/h"",""102.86 km/h"",""105 km/h"",""110 km/h""],""answerIndex"":1,""weight"":1},{""prompt"":""A person walks at 5 km/h and reaches 10 minutes late. At 6 km/h he is 5 minutes early. What is the distance?"",""options"":[""7 km"",""7.5 km"",""8 km"",""8.5 km""],""answerIndex"":1,""weight"":1},{""prompt"":""Find the next term in the series: 2 6 12 20 30 _"",""options"":[""40"",""42"",""44"",""46""],""answerIndex"":1,""weight"":1},{""prompt"":""Two trains 150 m and 200 m long approach each other at 60 km/h and 90 km/h respectively. How long do they take to cross each other?"",""options"":[""8.4 sec"",""10 sec"",""12 sec"",""14 sec""],""answerIndex"":0,""weight"":1},{""prompt"":""In a code language, if CAT = 3120 using alphabet positions concatenated, then DOG = ?"",""options"":[""4157"",""4715"",""41523"",""41522""],""answerIndex"":0,""weight"":1},{""prompt"":""P, Q, R, S, and T are sitting in a row facing north. Q is immediately to the right of P. T is at the extreme right. R and S have exactly one person between them. S is not adjacent to T. Who is sitting in the middle?"",""options"":[""Q"",""R"",""S"",""Cannot be determined""],""answerIndex"":3,""weight"":1}]",E,6,2026-05-26T05:27:22.237Z,2026-05-26T05:27:22.237Z,APTITUDE
APTB1,Aptitude Test - L1RA - June 03,"Aptitude Assessment Guidelines

1. All tab switches during the assessment will be monitored and recorded.
2. Candidates are required to keep their camera turned on throughout the assessment.
3. All participants must join the Google Meet session sharply at 8:00 PM. Late entry may not be permitted.
4. More than two tab switches will result in immediate disqualification from the assessment.
5.Any form of malpractice, misconduct, or unfair means will lead to immediate termination of the opportunity from the IIC. Such candidates will not be considered for any future IIC registrations or opportunities.
6. Candidates are advised to maintain professionalism and strictly adhere to the assessment guidelines.",CLOSED,2026-06-03 18:00:00,2026-06-03 18:50:00,45,"[{""prompt"":""A shopkeeper marks up a product by 40% and then offers a 20% discount. What is the net profit percentage?"",""options"":[""8%"",""12%"",""16%"",""20%""],""answerIndex"":1,""weight"":1},{""prompt"":""If 30% of a number added to 24 gives 54 what is the number?"",""options"":[""80"",""90"",""100"",""120""],""answerIndex"":2,""weight"":1},{""prompt"":""A student scored 72% in an exam. If the maximum marks are 650 how many marks did the student score?"",""options"":[""458"",""468"",""475"",""480""],""answerIndex"":1,""weight"":1},{""prompt"":""The average of 5 numbers is 42. If one number is excluded the average becomes 40. What is the excluded number?"",""options"":[""48"",""50"",""52"",""54""],""answerIndex"":1,""weight"":1},{""prompt"":""The average age of 10 students is 14 years. When a teacher joins the group the average becomes 16 years. What is the teacher's age?"",""options"":[""36"",""38"",""40"",""42""],""answerIndex"":0,""weight"":1},{""prompt"":""Two numbers are in the ratio 3:5. If 10 is added to each the new ratio becomes 5:7. What are the original numbers?"",""options"":[""12 and 20"",""15 and 25"",""18 and 30"",""21 and 35""],""answerIndex"":1,""weight"":1},{""prompt"":""A sum of Rs 1200 is divided among A B and C in the ratio 2:3:5. How much does B get?"",""options"":[""240"",""360"",""480"",""600""],""answerIndex"":1,""weight"":1},{""prompt"":""If A:B = 4:5 and B:C = 3:4 what is A:C?"",""options"":[""3:5"",""12:20"",""12:17"",""3:7""],""answerIndex"":1,""weight"":1},{""prompt"":""A bag contains 4 red 5 blue and 6 green balls. One ball is drawn at random. What is the probability it is not red?"",""options"":[""11/15"",""4/15"",""7/15"",""2/3""],""answerIndex"":0,""weight"":1},{""prompt"":""Two dice are rolled. What is the probability that the sum is 8?"",""options"":[""5/36"",""6/36"",""7/36"",""8/36""],""answerIndex"":0,""weight"":1},{""prompt"":""The average of 8 consecutive even numbers is 61. What is the largest number?"",""options"":[""64"",""66"",""68"",""Invalid""],""answerIndex"":3,""weight"":1},{""prompt"":""In how many ways can 5 people be arranged in a row?"",""options"":[""60"",""100"",""120"",""240""],""answerIndex"":2,""weight"":1},{""prompt"":""A card is drawn from a standard deck of 52 cards. What is the probability of drawing a king or a heart?"",""options"":[""16/52"",""17/52"",""4/13"",""1/4""],""answerIndex"":1,""weight"":1},{""prompt"":""How many 4-digit numbers can be formed using digits 1 to 7 with no repetition?"",""options"":[""840"",""720"",""604"",""840""],""answerIndex"":0,""weight"":1},{""prompt"":""The mean of a data set is 50 and the standard deviation is 5. What is the coefficient of variation?"",""options"":[""5%"",""10%"",""15%"",""20%""],""answerIndex"":1,""weight"":1},{""prompt"":""The median of the set {3 7 9 13 17 21 25} is:"",""options"":[""9"",""13"",""17"",""21""],""answerIndex"":1,""weight"":1},{""prompt"":""A committee of 3 is to be chosen from 6 men and 4 women such that at least 1 woman is included. How many ways is this possible?"",""options"":[""80"",""90"",""100"",""120""],""answerIndex"":2,""weight"":1},{""prompt"":""Solve for x: 3x + 7 = 2x - 5"",""options"":[""−10"",""−12"",""−14"",""−16""],""answerIndex"":1,""weight"":1},{""prompt"":""If the mode of a data set is 15 and the mean is 21, what is the median according to the empirical formula?"",""options"":[""18"",""19"",""20"",""21""],""answerIndex"":1,""weight"":1},{""prompt"":""The sum of a number and its reciprocal is 10/3. What is the number?"",""options"":[""2 or 1/2"",""3 or 1/3"",""4 or 1/4"",""5 or 1/5""],""answerIndex"":1,""weight"":1},{""prompt"":""A can complete a work in 15 days and B can complete it in 10 days. In how many days can they complete it together?"",""options"":[""5"",""6"",""7"",""8""],""answerIndex"":1,""weight"":1},{""prompt"":""A and B together can do a job in 12 days. A alone takes 20 days. How long will B alone take?"",""options"":[""25"",""28"",""30"",""32""],""answerIndex"":2,""weight"":1},{""prompt"":""If 12 workers can build a wall in 18 days how many workers are needed to build it in 12 days?"",""options"":[""16"",""18"",""20"",""22""],""answerIndex"":1,""weight"":1},{""prompt"":""If 2x - 3y = 12 and x + y = 1, what is the value of x?"",""options"":[""3"",""4"",""5"",""6""],""answerIndex"":0,""weight"":1},{""prompt"":""A train travels 240 km in 4 hours. What speed must it maintain for the next 360 km to average 80 km/h overall?"",""options"":[""100 km/h"",""102.86 km/h"",""105 km/h"",""110 km/h""],""answerIndex"":1,""weight"":1},{""prompt"":""A person walks at 5 km/h and reaches 10 minutes late. At 6 km/h he is 5 minutes early. What is the distance?"",""options"":[""7 km"",""7.5 km"",""8 km"",""8.5 km""],""answerIndex"":1,""weight"":1},{""prompt"":""Find the next term in the series: 2 6 12 20 30 _"",""options"":[""40"",""42"",""44"",""46""],""answerIndex"":1,""weight"":1},{""prompt"":""Two trains 150 m and 200 m long approach each other at 60 km/h and 90 km/h respectively. How long do they take to cross each other?"",""options"":[""8.4 sec"",""10 sec"",""12 sec"",""14 sec""],""answerIndex"":0,""weight"":1},{""prompt"":""In a code language, if CAT = 3120 using alphabet positions concatenated, then DOG = ?"",""options"":[""4157"",""4715"",""41523"",""41522""],""answerIndex"":0,""weight"":1},{""prompt"":""P, Q, R, S, and T are sitting in a row facing north. Q is immediately to the right of P. T is at the extreme right. R and S have exactly one person between them. S is not adjacent to T. Who is sitting in the middle?"",""options"":[""Q"",""R"",""S"",""Cannot be determined""],""answerIndex"":3,""weight"":1}]",E,30,2026-06-02T10:06:43.465Z,2026-06-02T10:06:43.465Z,APTITUDE
TMCQDSB1,Tech MCQ (Data Science) - FAB1 - June 05,"TECH MCQ Assessment Guidelines

1. All tab switches during the assessment will be monitored and recorded.
2. Candidates are required to keep their camera turned on throughout the assessment.
3. All participants must join the Google Meet session sharply at 8:00 PM. Late entry may not be permitted.
4. More than two tab switches will result in immediate disqualification from the assessment.
5.Any form of malpractice, misconduct, or unfair means will lead to immediate termination of the opportunity from the IIC. Such candidates will not be considered for any future IIC registrations or opportunities.
6. Candidates are advised to maintain professionalism and strictly adhere to the assessment guidelines.",CLOSED,2026-06-05 19:00:00,2026-06-05 19:50:00,45,"[{""prompt"":""You are developing a spam email classifier. After training your model, you notice that it performs exceptionally well on the training data but poorly on unseen test data. What is the most likely cause?"",""options"":[""The model has high bias"",""The model has high variance"",""The model has optimal regularization"",""The model is underfitting""],""answerIndex"":1,""weight"":1},{""prompt"":""You are building a house price prediction model using linear regression. The model's R-squared value is very low. What should you do first to improve model performance?"",""options"":[""Add relevant features based on domain knowledge"",""Deploy the model to production"",""Decrease the size of the training data"",""Ignore the R-squared value""],""answerIndex"":0,""weight"":1},{""prompt"":""While building a fraud detection system, you notice that fraudulent transactions represent less than 1% of all transactions. Which evaluation metric is most important if missing a fraud case is very costly?"",""options"":[""Accuracy"",""Precision"",""Recall"",""Mean Squared Error""],""answerIndex"":2,""weight"":1},{""prompt"":""You are using K-Means clustering to segment customers. The clusters overlap significantly. What should you do first before trying a different clustering algorithm?"",""options"":[""Scale and normalize the features"",""Randomly remove records"",""Reduce the dataset size"",""Convert numerical features to text""],""answerIndex"":0,""weight"":1},{""prompt"":""You train a binary classification model and obtain an F1-score of 0.20. What does this indicate?"",""options"":[""The model has a poor balance between precision and recall"",""The model has perfect precision"",""The model has perfect recall"",""The model is overfitting""],""answerIndex"":0,""weight"":1},{""prompt"":""Your company uses a recommendation engine for personalized ads. Users complain that the recommendations are irrelevant. Which technique can help improve personalization?"",""options"":[""Using cosine similarity"",""Increasing the learning rate"",""Adding more regularization"",""Using a smaller dataset""],""answerIndex"":0,""weight"":1},{""prompt"":""A multinational company's sales data is stored in a very large relational database. Monthly sales report queries remain slow despite proper indexing. Which strategy is most likely to improve performance at scale?"",""options"":[""Implement database sharding based on region"",""Add indexes to every column"",""Increase normalization of all tables"",""Replace all OUTER JOINs with INNER JOINs""],""answerIndex"":0,""weight"":1},{""prompt"":""A finance company uses a database to log all transactions. They need to ensure that either an entire transaction completes successfully or none of it is applied, especially during system crashes. Which ACID property guarantees this?"",""options"":[""Durability"",""Atomicity"",""Consistency"",""Isolation""],""answerIndex"":1,""weight"":1},{""prompt"":""A company wants to identify key factors influencing customer churn. They build a logistic regression model and obtain a high p-value for a feature. What does this indicate?"",""options"":[""The feature strongly predicts churn"",""The feature is statistically insignificant in predicting churn"",""The model is overfitting"",""The feature guarantees multicollinearity""],""answerIndex"":1,""weight"":1},{""prompt"":""A retailer uses time-series analysis to forecast future sales. The data contains strong seasonal patterns. Which model is most appropriate among the following options?"",""options"":[""ARIMA with seasonal differencing"",""Linear Regression"",""K-Means Clustering"",""Principal Component Analysis""],""answerIndex"":0,""weight"":1},{""prompt"":""You have a dataset with one million rows and encounter memory issues while processing it in pandas. What is the best approach to optimize memory usage?"",""options"":[""Convert numeric columns to float64"",""Use chunking to process data in smaller batches"",""Increase RAM only"",""Convert the DataFrame to a NumPy array""],""answerIndex"":1,""weight"":1},{""prompt"":""A data scientist wants to visualize a correlation matrix containing 100 features. The resulting heatmap is difficult to interpret. What is the most effective way to simplify the visualization?"",""options"":[""Increase the plot size"",""Remove weakly correlated features from the visualization"",""Change the color scheme"",""Convert all variables to categorical values""],""answerIndex"":1,""weight"":1},{""prompt"":""A company is designing an online ticket booking system that must process customer requests in the order they arrive. Which data structure should be used?"",""options"":[""Stack"",""Queue"",""Linked List"",""Hash Table""],""answerIndex"":1,""weight"":1},{""prompt"":""You are given a sorted array and need to find a target element efficiently. Which algorithm should you use?"",""options"":[""Linear Search"",""Depth-First Search"",""Breadth-First Search"",""Binary Search""],""answerIndex"":3,""weight"":1},{""prompt"":""A hospital database needs to uniquely identify each patient and prevent duplicate records. Which key should be used?"",""options"":[""Primary Key"",""Foreign Key"",""Composite Key"",""Candidate Key""],""answerIndex"":0,""weight"":1},{""prompt"":""An online food delivery service wants customers to view their order history without modifying existing orders. Which SQL command is used to retrieve the order history?"",""options"":[""DELETE"",""SELECT"",""INSERT"",""UPDATE""],""answerIndex"":1,""weight"":1},{""prompt"":""A fintech company wants to ensure that its banking application can scale to support thousands of concurrent users. Which architectural pattern is most suitable?"",""options"":[""Monolithic Architecture"",""Microservices Architecture"",""Waterfall Model"",""Single-Threaded Processing""],""answerIndex"":1,""weight"":1},{""prompt"":""A developer is creating a web API that should be stateless and follow standard HTTP methods. Which API design style should be used?"",""options"":[""SOAP"",""RESTful API"",""GraphQL"",""XML-RPC""],""answerIndex"":1,""weight"":1},{""prompt"":""A software developer wants to ensure that only one instance of a class exists throughout the application's lifetime. Which design pattern should be used?"",""options"":[""Factory Pattern"",""Singleton Pattern"",""Observer Pattern"",""Decorator Pattern""],""answerIndex"":1,""weight"":1},{""prompt"":""In Java, an abstract class declares an abstract method. Which OOP concept requires subclasses to provide their own implementation of that method?"",""options"":[""Method Overloading"",""Method Overriding"",""Encapsulation"",""Inheritance""],""answerIndex"":1,""weight"":1},{""prompt"":""A system administrator needs to find all lines containing the word 'error' in a log file. Which command should be used?"",""options"":[""ls"",""grep 'error' logfile.log"",""chmod +x logfile.log"",""cp logfile.log /backup""],""answerIndex"":1,""weight"":1},{""prompt"":""A developer wants to schedule a script to run automatically every day at 2 AM on a Linux system. Which command is used to configure this schedule?"",""options"":[""nano script.sh"",""sudo systemctl start script.sh"",""crontab -e"",""kill -9 script.sh""],""answerIndex"":2,""weight"":1},{""prompt"":""A development team needs to ensure that an application runs consistently across development, testing, and production environments. Which tool is most suitable?"",""options"":[""Docker"",""Notepad++"",""Excel"",""Java Virtual Machine (JVM)""],""answerIndex"":0,""weight"":1},{""prompt"":""A software company needs to track and manage changes to source code made by multiple developers. Which tool should they use?"",""options"":[""FTP"",""Git"",""Notepad"",""HTTP""],""answerIndex"":1,""weight"":1},{""prompt"":""How would you approach debugging a complex software system?"",""options"":[""Use logging and tracing to track execution"",""Use a debugger to inspect variables and program flow"",""Perform code reviews to identify issues"",""All of the above""],""answerIndex"":3,""weight"":1}]",F,51,2026-06-03T04:52:32.084Z,2026-06-03T04:58:42.074Z,TECH_MCQ
TMCQPGB1,Tech MCQ (Programming) - FAB1 - June 05,"TECH MCQ Assessment Guidelines

1. All tab switches during the assessment will be monitored and recorded.
2. Candidates are required to keep their camera turned on throughout the assessment.
3. All participants must join the Google Meet session sharply at 8:00 PM. Late entry may not be permitted.
4. More than two tab switches will result in immediate disqualification from the assessment.
5.Any form of malpractice, misconduct, or unfair means will lead to immediate termination of the opportunity from the IIC. Such candidates will not be considered for any future IIC registrations or opportunities.
6. Candidates are advised to maintain professionalism and strictly adhere to the assessment guidelines.",CLOSED,2026-06-05 19:00:00,2026-06-05 19:50:00,45,"[{""prompt"":""Which of the following best describes an algorithm?"",""options"":[""A set of hardware instructions"",""A step-by-step procedure to solve a problem"",""A programming language"",""A type of database""],""answerIndex"":1,""weight"":1},{""prompt"":""What will be the output of: x = 10; print('Even' if x % 2 == 0 else 'Odd')?"",""options"":[""Odd"",""Even"",""10"",""Error""],""answerIndex"":1,""weight"":1},{""prompt"":""Which loop is best suited when the number of iterations is known in advance?"",""options"":[""while loop"",""do-while loop"",""for loop"",""recursive loop""],""answerIndex"":2,""weight"":1},{""prompt"":""Which Python data structure stores key-value pairs?"",""options"":[""List"",""Tuple"",""Dictionary"",""Set""],""answerIndex"":2,""weight"":1},{""prompt"":""Which module is used to read a CSV file in Python using data analysis libraries?"",""options"":[""numpy"",""pandas"",""os"",""json""],""answerIndex"":1,""weight"":1},{""prompt"":""Which SQL command is used to retrieve data from a table?"",""options"":[""INSERT"",""UPDATE"",""SELECT"",""DELETE""],""answerIndex"":2,""weight"":1},{""prompt"":""A relation is in 2NF if it is in 1NF and every non-key attribute is:"",""options"":[""Partially dependent on the primary key"",""Fully functionally dependent on the primary key"",""Transitively dependent on the primary key"",""Independent of the primary key""],""answerIndex"":1,""weight"":1},{""prompt"":""Which property of a transaction ensures that either all operations succeed or none do?"",""options"":[""Consistency"",""Isolation"",""Durability"",""Atomicity""],""answerIndex"":3,""weight"":1},{""prompt"":""Which indexing technique uses a hash function to determine where records are stored?"",""options"":[""B-Tree indexing"",""Dense indexing"",""Hash indexing"",""Clustered indexing""],""answerIndex"":2,""weight"":1},{""prompt"":""What is the purpose of a ROLLBACK statement in SQL transactions?"",""options"":[""Save changes permanently"",""Undo changes made in the current transaction"",""Create a new transaction"",""Lock the table""],""answerIndex"":1,""weight"":1},{""prompt"":""Which keyword is used in Java to inherit a class?"",""options"":[""implements"",""extends"",""inherits"",""super""],""answerIndex"":1,""weight"":1},{""prompt"":""Which concept allows a subclass to provide a specific implementation of a method defined in its parent class?"",""options"":[""Overloading"",""Abstraction"",""Overriding"",""Encapsulation""],""answerIndex"":2,""weight"":1},{""prompt"":""Which Java collection class allows duplicate elements and maintains insertion order?"",""options"":[""HashSet"",""TreeSet"",""ArrayList"",""HashMap""],""answerIndex"":2,""weight"":1},{""prompt"":""Which keyword is used to handle exceptions in Java?"",""options"":[""throws"",""error"",""catch"",""finally""],""answerIndex"":2,""weight"":1},{""prompt"":""Which Java keyword is used to create a synchronized block for thread safety?"",""options"":[""volatile"",""synchronized"",""concurrent"",""atomic""],""answerIndex"":1,""weight"":1},{""prompt"":""Which algorithm design technique breaks a problem into overlapping subproblems and stores results?"",""options"":[""Greedy"",""Divide and Conquer"",""Dynamic Programming"",""Backtracking""],""answerIndex"":2,""weight"":1},{""prompt"":""Which string matching algorithm preprocesses the pattern to skip unnecessary comparisons?"",""options"":[""Naive algorithm"",""KMP algorithm"",""Bubble sort"",""Binary search""],""answerIndex"":1,""weight"":1},{""prompt"":""In graph algorithms, which algorithm finds the shortest path from a single source to all vertices?"",""options"":[""Prim's algorithm"",""Kruskal's algorithm"",""Dijkstra's algorithm"",""Floyd-Warshall algorithm""],""answerIndex"":2,""weight"":1},{""prompt"":""Which abstract data type follows the Last-In-First-Out (LIFO) principle?"",""options"":[""Queue"",""Stack"",""Deque"",""Linked List""],""answerIndex"":1,""weight"":1},{""prompt"":""What does the 'Max-Flow Min-Cut' theorem state in network flows?"",""options"":[""Maximum flow equals minimum path cost"",""Maximum flow in a network equals the minimum cut capacity"",""Flow is always zero in a min-cut"",""Minimum cut is always at the source node""],""answerIndex"":1,""weight"":1},{""prompt"":""Which JavaScript keyword is used to declare a variable with block scope?"",""options"":[""var"",""let"",""def"",""dim""],""answerIndex"":1,""weight"":1},{""prompt"":""In Vue.js, which directive is used for two-way data binding on form inputs?"",""options"":[""v-bind"",""v-on"",""v-model"",""v-if""],""answerIndex"":2,""weight"":1},{""prompt"":""Which HTTP method is typically used to create a new resource in a REST API?"",""options"":[""GET"",""POST"",""PUT"",""DELETE""],""answerIndex"":1,""weight"":1},{""prompt"":""Which Vue.js feature is used for managing shared state across multiple components?"",""options"":[""Vue Router"",""Vuex / Pinia"",""Vue CLI"",""Vue Directives""],""answerIndex"":1,""weight"":1},{""prompt"":""What is the primary purpose of asynchronous job queues in web applications?"",""options"":[""To handle real-time database queries"",""To execute long-running tasks without blocking the main thread"",""To manage CSS animations"",""To store user authentication tokens""],""answerIndex"":1,""weight"":1}]",G,18,2026-06-03T05:05:00.255Z,2026-06-03T05:05:00.255Z,TECH_MCQ
PPMB1,Pre-Placement Assessment,Kindly submit the assessment within specified deadline.,CLOSED,2026-06-17 13:00:00,2026-06-19 23:59:00,0,"[{""prompt"":""A technical team models a database system's transaction failures and determines that there is a p = 0.12 probability of write-concurrency blockages during the daily data synchronization window. The operations group requires technical details to implement mitigation scripts, while the product VP is highly sensitive to customer experience metrics. How should the lead engineer structure the communication?"",""options"":[""Issue a unified diagnostic dump containing raw lock-contention logs and mathematical latency distributions to all stakeholders to ensure transparency."",""Provide a high-level qualitative reassurance to both groups that the system is stable, while quietly deploying a sequential patch."",""Issue a structured report featuring an executive summary explaining that 12% of peak transactions may experience short retries, and include a technical appendix detailing lock-contention mechanics for the operations group."",""Recommend that the product VP attend a database administration deep-dive to understand the concurrent transaction isolation levels.""],""answerIndex"":2,""weight"":1},{""prompt"":""An analytics platform indicates that a newly deployed product recommendations model did not meet its conversion targets due to shifts in regional user demographics. How should the analyst present this to the executive sponsors to preserve credibility?"",""options"":[""Attribute the performance gap entirely to unpredictable market conditions and suggest waiting another quarter for better data."",""Frame the presentation around the model's high mathematical complexity and the quality of the underlying codebase."",""Acknowledge the conversion gap, isolate the demographic shift using historical baseline data, and present a clear, structured plan to retrain the model."",""Recommend deprecating the recommendation engine immediately and returning to a simple, heuristic-based listing system.""],""answerIndex"":2,""weight"":1},{""prompt"":""A cross-functional team is presenting an API latency analysis to business partners who are sensitive to customer churn. Which phrasing is most appropriate to ensure the business stakeholders comprehend the implications?"",""options"":[""The API's 99th percentile response latency has increased by 350 milliseconds, causing a change in our database read distributions."",""The system is experiencing network performance degradation, which is impacting our core microservices and database queries."",""An increase in checkout API latency is directly causing a 5% drop in complete checkouts, representing an estimated loss of $15,000 in daily revenue."",""The server response times are slower because of high traffic, but the engineering team is actively working on optimization.""],""answerIndex"":2,""weight"":1},{""prompt"":""An analyst needs to design a dashboard interface for a retail operations manager who needs to monitor transaction anomalies. Which layout design is most effective?"",""options"":[""A detailed data table showing all transaction records, allowing the manager to manually scroll and spot discrepancies."",""A single KPI card showing the active anomaly count, which expands to a prioritized, searchable table of flagged transactions when clicked."",""An automated daily PDF report containing 15 different bar charts tracking every product category's inventory levels."",""A live, scrolling terminal feed showing raw security log events as they occur on the server.""],""answerIndex"":1,""weight"":1},{""prompt"":""An analyst discovers a significant query logic error in a monthly sales report that has already been delivered to the finance director. What is the most professional way to handle this?"",""options"":[""Correct the query logic silently and apply the fix only to future monthly reports to avoid causing confusion."",""Inform the finance director of the query logic error, quantify the exact financial variance between the reports, and deliver the corrected report immediately."",""Submit an anonymous IT helpdesk ticket requesting a database schema review and wait for the standard response."",""Suggest that the variance is a minor data update issue caused by late-reporting regional transactions.""],""answerIndex"":1,""weight"":1},{""prompt"":""An engineering team is explaining a complex data pipeline migration to a non-technical project manager. Which analogy is most appropriate to use?"",""options"":[""Comparing the data migration to moving water from a reservoir to household taps using a new filtration system and pipeline network."",""Explaining the step-by-step SQL syntax used in the ETL scripts."",""Describing the raw database schemas and key constraints in the target tables."",""Advising the project manager to rely on the engineering team's expertise rather than trying to understand the pipeline's mechanics.""],""answerIndex"":0,""weight"":1},{""prompt"":""During an executive review, an analyst is asked about a sudden drop in a key performance metric. The analyst has not yet completed the root-cause analysis. What is the most appropriate response?"",""options"":[""Provide several likely causes during the meeting to demonstrate quick thinking, even without supporting data."",""Acknowledge the drop, state that the root-cause analysis is currently underway, and provide a clear timeline for delivering the findings."",""Avoid mentioning the drop during the review and focus the presentation on positive performance metrics."",""Suggest that the drop is likely a temporary data reporting anomaly that will resolve itself next month.""],""answerIndex"":1,""weight"":1},{""prompt"":""A data science team is presenting a predictive model for real-estate pricing to risk-averse investment managers. How should the model's performance be communicated?"",""options"":[""Focus exclusively on the maximum upside predictions and optimistic market growth scenarios."",""Present the mean absolute percentage error (MAPE) alongside a detailed sensitivity analysis showing how the model performs during market downturns."",""Focus on the underlying neural network's architecture to demonstrate technical superiority."",""Assure the managers that the model is highly accurate and free of statistical uncertainty.""],""answerIndex"":1,""weight"":1},{""prompt"":""A business analyst discovers that an automated marketing campaign is targeting the wrong customer segment due to a database join error. What is the best way to communicate this to the marketing manager?"",""options"":[""Inform the manager that the database architecture is poorly designed and requires a complete overhaul."",""Quantify the volume of misdirected emails, explain the technical root cause of the join error, and present a verified SQL patch that resolves the issue immediately."",""Quietly fix the SQL query and hope the marketing manager does not notice the historical discrepancies."",""Submit an anonymous IT helpdesk ticket and wait for the standard turnaround time.""],""answerIndex"":1,""weight"":1},{""prompt"":""When presenting a data-driven proposal for a major process change, what is the most effective structure for a 10-minute presentation to busy C-suite executives?"",""options"":[""Spend 8 minutes on the technical data extraction process and 2 minutes on the strategic recommendation."",""Start immediately with the strategic recommendation and its financial impact, spend 6 minutes on supporting data evidence, and close with a clear call to action."",""Deliver a chronological history of how the business arrived at its current process inefficiencies."",""Walk through every feature engineering iteration tried by the data science team.""],""answerIndex"":1,""weight"":1},{""prompt"":""A business executive reviews an analysis showing a strong positive correlation (r = 0.87) between social media ad spend and weekly physical store traffic. The executive declares: 'We must immediately double our social media budget to drive more in-store sales.' How should the analyst address this conclusion?"",""options"":[""Agree with the decision, as the strong correlation coefficient (r) indicates a clear causal relationship."",""Explain that while the correlation is strong, a third variable—such as a major holiday shopping season—might be driving both metrics, and recommend a localized A/B test to isolate the true causal effect."",""Inform the executive that correlation is mathematically useless and refuse to support the decision."",""Redraw the correlation plot using a logarithmic scale to make the relationship appear less linear.""],""answerIndex"":1,""weight"":1},{""prompt"":""A data analyst's mid-year report indicates a 15% increase in customer churn rates. The customer support VP insists that delayed product updates are the sole cause. However, the data also reveals a significant drop in first-contact resolution (FCR) rates by the support team. How should the analyst present these findings?"",""options"":[""Exclude the FCR metric to avoid conflicting with the VP's hypothesis and preserve team harmony."",""Present both hypotheses neutrally, highlighting that while product delays are a factor, statistical modeling indicates that drops in FCR have a stronger predictive relationship with churn."",""Attribute the entire churn spike to support team performance, exonerating the product development team."",""State that because both variables are correlated with churn, it is impossible to draw any actionable business conclusions.""],""answerIndex"":1,""weight"":1},{""prompt"":""A stakeholder demands to know the exact completion date of a predictive analytics project that contains significant data quality ambiguities. What is the most professional way to handle this request?"",""options"":[""Provide an optimistic, single-date estimate to reassure the stakeholder, then work overtime to meet it."",""Refuse to provide any timeline until all data quality issues are completely resolved and verified."",""Present a range-based timeline mapped to key data-cleaning milestones, explaining how resolving specific data ambiguities will impact the project's delivery."",""Ask the stakeholder to resolve the data quality issues themselves before asking for a timeline.""],""answerIndex"":2,""weight"":1},{""prompt"":""An analysis shows that users who complete an optional profile setup step have a 40% higher customer lifetime value (LTV). The product manager wants to make this profile step mandatory for all users. What is the most critical analytical warning the analyst must deliver?"",""options"":[""Making the step mandatory will automatically increase all users' LTV by 40%."",""Completing the profile may be a self-selection signal of already highly engaged users; forcing disengaged users to complete it could increase signup drop-offs without boosting LTV."",""The profile setup step is computationally expensive and will crash our database servers."",""We should not change the product because our current data model is optimized for the existing layout.""],""answerIndex"":1,""weight"":1},{""prompt"":""A marketing lead insists that a short-term pricing promotion caused a sudden spike in website conversions. However, the analyst notes that the spike coincided with a major competitor's server outage. How should the analyst resolve this ambiguity?"",""options"":[""Attribute the spike to the pricing promotion to support the marketing lead's campaign performance metrics."",""Conduct a comparative traffic analysis during the competitor's outage period using historical baseline data to isolate external demand spillover from internal promotional effects."",""Declare the analysis inconclusive and advise against running any future pricing promotions."",""Suggest that the pricing promotion caused the competitor's server outage.""],""answerIndex"":1,""weight"":1},{""prompt"":""An operations executive asks for a simple, single-sentence executive summary explaining why shipping costs rose by 20% this quarter. The data points to a complex mix of fuel price increases, driver shortages, and inefficient warehouse routing. Which summary is most appropriate?"",""options"":[""Shipping costs rose by 20% due to factors that are completely outside of the company's operational control."",""A 20% increase in shipping costs was driven by rising external fuel prices and driver shortages, which was further compounded by a 5% drop in warehouse routing efficiency."",""We need to conduct a series of deep-dive analyses over the next few months to understand why costs are rising."",""Our warehousing operations are highly inefficient, which is the primary driver of our current cost overrun.""],""answerIndex"":1,""weight"":1},{""prompt"":""A retail brand's data analyst finds that organic website traffic and physical store sales both drop on rainy days. A business manager concludes that rain causes people to lose interest in the brand. How should the analyst reframe this observation?"",""options"":[""Agree with the manager's behavioral analysis and suggest launching a rain-themed marketing campaign."",""Explain that rain acts as an environmental barrier to physical mobility, which impacts physical retail visits, while the drop in organic web traffic may point to a broader shift in consumer behavior on rainy days that requires further investigation."",""Ignore the physical store data and focus exclusively on optimizing website performance during sunny days."",""Run a simulation to prove that rain has no statistical relationship with consumer purchase intent.""],""answerIndex"":1,""weight"":1},{""prompt"":""A stakeholder presents a third-party report showing that 'companies using AI have 50% higher profit margins' and demands an immediate, unstructured deployment of generative AI tools across all departments. What is the most rational analytical response?"",""options"":[""Implement the tools immediately to ensure the company does not fall behind its competitors."",""Point out that high-margin companies have more capital to invest in experimental AI technologies, meaning high margins may be driving AI adoption rather than vice versa, and propose a structured pilot program with clear metrics."",""Inform the stakeholder that the third-party report is likely biased and refuse to implement any AI tools."",""Deploy the tools in a single department and attribute any subsequent margin improvements entirely to AI.""],""answerIndex"":1,""weight"":1},{""prompt"":""An A/B test reveals that a new homepage design increased click-through rates (CTR) by 2%, but also resulted in a 5% drop in average order value (AOV). The product owner only wants to report the positive CTR result to executive leadership. How should the analyst handle this?"",""options"":[""Comply with the request to maintain a positive relationship with the product owner."",""Present a balanced view to both the product owner and executive leadership, highlighting the trade-off between CTR and AOV, and calculate the net impact on total revenue to determine the optimal strategy."",""Report only the negative AOV result directly to executive leadership to bypass the product owner."",""Stop working on the project due to ethical concerns regarding data omission.""],""answerIndex"":1,""weight"":1},{""prompt"":""A senior stakeholder wants to know if a newly implemented training program 'caused' an increase in employee productivity. What is the most statistically rigorous way for the analyst to explain the limitations of the current observational data?"",""options"":[""The data proves causality because productivity rose immediately after the training was completed."",""Without a control group of employees who did not receive the training, we cannot isolate the training's impact from other external factors like seasonal workflows or team restructuring."",""Causality is a purely theoretical concept that cannot be measured or applied in a real-world corporate environment."",""The training program definitely caused the productivity increase, and we should roll it out to all remaining departments.""],""answerIndex"":1,""weight"":1}]",H,1,2026-06-17T07:29:41.532Z,2026-06-17T07:29:41.532Z,PREPLACEMENT
csm,Communication Skills Assessment,A non-MCQ communication skills assessment. Students provide video and written responses directly in the response sheet.,CLOSED,2026-06-17 14:00:00,2026-06-19 23:58:00,0,"[{""prompt"":""Formal Dressed - Self Intro video activity. Please follow the guidelines shared - formal dress code. No distraction in the room you record the video. Introduce yourself briefly. Make a video recording of your self-introduction and upload the same as the answer to this question (not exceeding 3 minutes).\nThe drive link to the video may be uploaded in the given field. Your \""Share\"" settings should be such that anyone with the link can open the file. If the file cannot be opened due to your drive settings, your answer will be disqualified from evaluation and you will be marked zero."",""responseType"":""URL"",""options"":[],""answerIndex"":-1,""weight"":0},{""prompt"":""Listening Skill Assessment - Listen and Speak. Do you agree with the speakers? Why or why not? Prepare a short audio recording not exceeding 3 minutes stating your own opinion on the matter and giving arguments to support your answer. AI generated answers will be penalised. The drive link to the audio may be uploaded in the given field. Your \""Share\"" settings should be such that anyone with the link can open the file. If the file cannot be opened due to your drive settings, your answer will be disqualified from evaluation and you will be marked zero.\nAudio link: https://drive.google.com/file/d/1i28YWLZmPB28S7jFqOx_8dEqo9fuZ_-P/view?usp=sharing"",""responseType"":""URL"",""options"":[],""answerIndex"":-1,""weight"":0},{""prompt"":""Listening Skill Assessment - Listen and write. Listen to the audio sample and summarise the opinions voiced by the speakers in no more than 500 words. Write in full sentences, not in bulleted points. AI generated answers will be penalised.\nAudio link: https://drive.google.com/file/d/1i28YWLZmPB28S7jFqOx_8dEqo9fuZ_-P/view?usp=sharing"",""responseType"":""TEXT"",""options"":[],""answerIndex"":-1,""weight"":0},{""prompt"":""Email Writing. You are a marketing intern at ABC Educational Consultancy and part of the team organizing a student outreach program as an educational fair. Write an e-mail, not exceeding 300 words, inviting AGT Institute of Technology, one of your partner colleges, to the fair. Highlight how the event might be useful to their students, detail the various services that you provide, and intimate the date, time and venue to them."",""responseType"":""TEXT"",""options"":[],""answerIndex"":-1,""weight"":0}]",I,214,2026-06-17T08:34:35.933Z,2026-06-17T08:34:35.933Z,CSM
PPMB1,Pre-Placement Assessment - ReAttempt - Batch 2,Kindly submit the assessment within specified deadline.,CLOSED,2026-06-20 18:00:00,2026-06-22 6:00:00,0,"[{""prompt"":""A technical team models a database system's transaction failures and determines that there is a p = 0.12 probability of write-concurrency blockages during the daily data synchronization window. The operations group requires technical details to implement mitigation scripts, while the product VP is highly sensitive to customer experience metrics. How should the lead engineer structure the communication?"",""options"":[""Issue a unified diagnostic dump containing raw lock-contention logs and mathematical latency distributions to all stakeholders to ensure transparency."",""Provide a high-level qualitative reassurance to both groups that the system is stable, while quietly deploying a sequential patch."",""Issue a structured report featuring an executive summary explaining that 12% of peak transactions may experience short retries, and include a technical appendix detailing lock-contention mechanics for the operations group."",""Recommend that the product VP attend a database administration deep-dive to understand the concurrent transaction isolation levels.""],""answerIndex"":2,""weight"":1},{""prompt"":""An analytics platform indicates that a newly deployed product recommendations model did not meet its conversion targets due to shifts in regional user demographics. How should the analyst present this to the executive sponsors to preserve credibility?"",""options"":[""Attribute the performance gap entirely to unpredictable market conditions and suggest waiting another quarter for better data."",""Frame the presentation around the model's high mathematical complexity and the quality of the underlying codebase."",""Acknowledge the conversion gap, isolate the demographic shift using historical baseline data, and present a clear, structured plan to retrain the model."",""Recommend deprecating the recommendation engine immediately and returning to a simple, heuristic-based listing system.""],""answerIndex"":2,""weight"":1},{""prompt"":""A cross-functional team is presenting an API latency analysis to business partners who are sensitive to customer churn. Which phrasing is most appropriate to ensure the business stakeholders comprehend the implications?"",""options"":[""The API's 99th percentile response latency has increased by 350 milliseconds, causing a change in our database read distributions."",""The system is experiencing network performance degradation, which is impacting our core microservices and database queries."",""An increase in checkout API latency is directly causing a 5% drop in complete checkouts, representing an estimated loss of $15,000 in daily revenue."",""The server response times are slower because of high traffic, but the engineering team is actively working on optimization.""],""answerIndex"":2,""weight"":1},{""prompt"":""An analyst needs to design a dashboard interface for a retail operations manager who needs to monitor transaction anomalies. Which layout design is most effective?"",""options"":[""A detailed data table showing all transaction records, allowing the manager to manually scroll and spot discrepancies."",""A single KPI card showing the active anomaly count, which expands to a prioritized, searchable table of flagged transactions when clicked."",""An automated daily PDF report containing 15 different bar charts tracking every product category's inventory levels."",""A live, scrolling terminal feed showing raw security log events as they occur on the server.""],""answerIndex"":1,""weight"":1},{""prompt"":""An analyst discovers a significant query logic error in a monthly sales report that has already been delivered to the finance director. What is the most professional way to handle this?"",""options"":[""Correct the query logic silently and apply the fix only to future monthly reports to avoid causing confusion."",""Inform the finance director of the query logic error, quantify the exact financial variance between the reports, and deliver the corrected report immediately."",""Submit an anonymous IT helpdesk ticket requesting a database schema review and wait for the standard response."",""Suggest that the variance is a minor data update issue caused by late-reporting regional transactions.""],""answerIndex"":1,""weight"":1},{""prompt"":""An engineering team is explaining a complex data pipeline migration to a non-technical project manager. Which analogy is most appropriate to use?"",""options"":[""Comparing the data migration to moving water from a reservoir to household taps using a new filtration system and pipeline network."",""Explaining the step-by-step SQL syntax used in the ETL scripts."",""Describing the raw database schemas and key constraints in the target tables."",""Advising the project manager to rely on the engineering team's expertise rather than trying to understand the pipeline's mechanics.""],""answerIndex"":0,""weight"":1},{""prompt"":""During an executive review, an analyst is asked about a sudden drop in a key performance metric. The analyst has not yet completed the root-cause analysis. What is the most appropriate response?"",""options"":[""Provide several likely causes during the meeting to demonstrate quick thinking, even without supporting data."",""Acknowledge the drop, state that the root-cause analysis is currently underway, and provide a clear timeline for delivering the findings."",""Avoid mentioning the drop during the review and focus the presentation on positive performance metrics."",""Suggest that the drop is likely a temporary data reporting anomaly that will resolve itself next month.""],""answerIndex"":1,""weight"":1},{""prompt"":""A data science team is presenting a predictive model for real-estate pricing to risk-averse investment managers. How should the model's performance be communicated?"",""options"":[""Focus exclusively on the maximum upside predictions and optimistic market growth scenarios."",""Present the mean absolute percentage error (MAPE) alongside a detailed sensitivity analysis showing how the model performs during market downturns."",""Focus on the underlying neural network's architecture to demonstrate technical superiority."",""Assure the managers that the model is highly accurate and free of statistical uncertainty.""],""answerIndex"":1,""weight"":1},{""prompt"":""A business analyst discovers that an automated marketing campaign is targeting the wrong customer segment due to a database join error. What is the best way to communicate this to the marketing manager?"",""options"":[""Inform the manager that the database architecture is poorly designed and requires a complete overhaul."",""Quantify the volume of misdirected emails, explain the technical root cause of the join error, and present a verified SQL patch that resolves the issue immediately."",""Quietly fix the SQL query and hope the marketing manager does not notice the historical discrepancies."",""Submit an anonymous IT helpdesk ticket and wait for the standard turnaround time.""],""answerIndex"":1,""weight"":1},{""prompt"":""When presenting a data-driven proposal for a major process change, what is the most effective structure for a 10-minute presentation to busy C-suite executives?"",""options"":[""Spend 8 minutes on the technical data extraction process and 2 minutes on the strategic recommendation."",""Start immediately with the strategic recommendation and its financial impact, spend 6 minutes on supporting data evidence, and close with a clear call to action."",""Deliver a chronological history of how the business arrived at its current process inefficiencies."",""Walk through every feature engineering iteration tried by the data science team.""],""answerIndex"":1,""weight"":1},{""prompt"":""A business executive reviews an analysis showing a strong positive correlation (r = 0.87) between social media ad spend and weekly physical store traffic. The executive declares: 'We must immediately double our social media budget to drive more in-store sales.' How should the analyst address this conclusion?"",""options"":[""Agree with the decision, as the strong correlation coefficient (r) indicates a clear causal relationship."",""Explain that while the correlation is strong, a third variable—such as a major holiday shopping season—might be driving both metrics, and recommend a localized A/B test to isolate the true causal effect."",""Inform the executive that correlation is mathematically useless and refuse to support the decision."",""Redraw the correlation plot using a logarithmic scale to make the relationship appear less linear.""],""answerIndex"":1,""weight"":1},{""prompt"":""A data analyst's mid-year report indicates a 15% increase in customer churn rates. The customer support VP insists that delayed product updates are the sole cause. However, the data also reveals a significant drop in first-contact resolution (FCR) rates by the support team. How should the analyst present these findings?"",""options"":[""Exclude the FCR metric to avoid conflicting with the VP's hypothesis and preserve team harmony."",""Present both hypotheses neutrally, highlighting that while product delays are a factor, statistical modeling indicates that drops in FCR have a stronger predictive relationship with churn."",""Attribute the entire churn spike to support team performance, exonerating the product development team."",""State that because both variables are correlated with churn, it is impossible to draw any actionable business conclusions.""],""answerIndex"":1,""weight"":1},{""prompt"":""A stakeholder demands to know the exact completion date of a predictive analytics project that contains significant data quality ambiguities. What is the most professional way to handle this request?"",""options"":[""Provide an optimistic, single-date estimate to reassure the stakeholder, then work overtime to meet it."",""Refuse to provide any timeline until all data quality issues are completely resolved and verified."",""Present a range-based timeline mapped to key data-cleaning milestones, explaining how resolving specific data ambiguities will impact the project's delivery."",""Ask the stakeholder to resolve the data quality issues themselves before asking for a timeline.""],""answerIndex"":2,""weight"":1},{""prompt"":""An analysis shows that users who complete an optional profile setup step have a 40% higher customer lifetime value (LTV). The product manager wants to make this profile step mandatory for all users. What is the most critical analytical warning the analyst must deliver?"",""options"":[""Making the step mandatory will automatically increase all users' LTV by 40%."",""Completing the profile may be a self-selection signal of already highly engaged users; forcing disengaged users to complete it could increase signup drop-offs without boosting LTV."",""The profile setup step is computationally expensive and will crash our database servers."",""We should not change the product because our current data model is optimized for the existing layout.""],""answerIndex"":1,""weight"":1},{""prompt"":""A marketing lead insists that a short-term pricing promotion caused a sudden spike in website conversions. However, the analyst notes that the spike coincided with a major competitor's server outage. How should the analyst resolve this ambiguity?"",""options"":[""Attribute the spike to the pricing promotion to support the marketing lead's campaign performance metrics."",""Conduct a comparative traffic analysis during the competitor's outage period using historical baseline data to isolate external demand spillover from internal promotional effects."",""Declare the analysis inconclusive and advise against running any future pricing promotions."",""Suggest that the pricing promotion caused the competitor's server outage.""],""answerIndex"":1,""weight"":1},{""prompt"":""An operations executive asks for a simple, single-sentence executive summary explaining why shipping costs rose by 20% this quarter. The data points to a complex mix of fuel price increases, driver shortages, and inefficient warehouse routing. Which summary is most appropriate?"",""options"":[""Shipping costs rose by 20% due to factors that are completely outside of the company's operational control."",""A 20% increase in shipping costs was driven by rising external fuel prices and driver shortages, which was further compounded by a 5% drop in warehouse routing efficiency."",""We need to conduct a series of deep-dive analyses over the next few months to understand why costs are rising."",""Our warehousing operations are highly inefficient, which is the primary driver of our current cost overrun.""],""answerIndex"":1,""weight"":1},{""prompt"":""A retail brand's data analyst finds that organic website traffic and physical store sales both drop on rainy days. A business manager concludes that rain causes people to lose interest in the brand. How should the analyst reframe this observation?"",""options"":[""Agree with the manager's behavioral analysis and suggest launching a rain-themed marketing campaign."",""Explain that rain acts as an environmental barrier to physical mobility, which impacts physical retail visits, while the drop in organic web traffic may point to a broader shift in consumer behavior on rainy days that requires further investigation."",""Ignore the physical store data and focus exclusively on optimizing website performance during sunny days."",""Run a simulation to prove that rain has no statistical relationship with consumer purchase intent.""],""answerIndex"":1,""weight"":1},{""prompt"":""A stakeholder presents a third-party report showing that 'companies using AI have 50% higher profit margins' and demands an immediate, unstructured deployment of generative AI tools across all departments. What is the most rational analytical response?"",""options"":[""Implement the tools immediately to ensure the company does not fall behind its competitors."",""Point out that high-margin companies have more capital to invest in experimental AI technologies, meaning high margins may be driving AI adoption rather than vice versa, and propose a structured pilot program with clear metrics."",""Inform the stakeholder that the third-party report is likely biased and refuse to implement any AI tools."",""Deploy the tools in a single department and attribute any subsequent margin improvements entirely to AI.""],""answerIndex"":1,""weight"":1},{""prompt"":""An A/B test reveals that a new homepage design increased click-through rates (CTR) by 2%, but also resulted in a 5% drop in average order value (AOV). The product owner only wants to report the positive CTR result to executive leadership. How should the analyst handle this?"",""options"":[""Comply with the request to maintain a positive relationship with the product owner."",""Present a balanced view to both the product owner and executive leadership, highlighting the trade-off between CTR and AOV, and calculate the net impact on total revenue to determine the optimal strategy."",""Report only the negative AOV result directly to executive leadership to bypass the product owner."",""Stop working on the project due to ethical concerns regarding data omission.""],""answerIndex"":1,""weight"":1},{""prompt"":""A senior stakeholder wants to know if a newly implemented training program 'caused' an increase in employee productivity. What is the most statistically rigorous way for the analyst to explain the limitations of the current observational data?"",""options"":[""The data proves causality because productivity rose immediately after the training was completed."",""Without a control group of employees who did not receive the training, we cannot isolate the training's impact from other external factors like seasonal workflows or team restructuring."",""Causality is a purely theoretical concept that cannot be measured or applied in a real-world corporate environment."",""The training program definitely caused the productivity increase, and we should roll it out to all remaining departments.""],""answerIndex"":1,""weight"":1}]",J,45,2026-06-20T11:39:27.736Z,2026-06-20T11:39:27.736Z,PREPLACEMENT
csm,Communication Skills Module - ReAttempt - Batch 2,A non-MCQ communication skills assessment. Students provide video and written responses directly in the response sheet.,CLOSED,2026-06-20 18:00:00,2026-06-22 18:00:00,0,"[{""prompt"":""Formal Dressed - Self Intro video activity. Please follow the guidelines shared - formal dress code. No distraction in the room you record the video. Introduce yourself briefly. Make a video recording of your self-introduction and upload the same as the answer to this question (not exceeding 3 minutes).\nThe drive link to the video may be uploaded in the given field. Your \""Share\"" settings should be such that anyone with the link can open the file. If the file cannot be opened due to your drive settings, your answer will be disqualified from evaluation and you will be marked zero."",""responseType"":""URL"",""options"":[],""answerIndex"":-1,""weight"":0},{""prompt"":""Listening Skill Assessment - Listen and Speak. Do you agree with the speakers? Why or why not? Prepare a short audio recording not exceeding 3 minutes stating your own opinion on the matter and giving arguments to support your answer. AI generated answers will be penalised. The drive link to the audio may be uploaded in the given field. Your \""Share\"" settings should be such that anyone with the link can open the file. If the file cannot be opened due to your drive settings, your answer will be disqualified from evaluation and you will be marked zero.\nAudio link: https://drive.google.com/file/d/1i28YWLZmPB28S7jFqOx_8dEqo9fuZ_-P/view?usp=sharing"",""responseType"":""URL"",""options"":[],""answerIndex"":-1,""weight"":0},{""prompt"":""Listening Skill Assessment - Listen and write. Listen to the audio sample and summarise the opinions voiced by the speakers in no more than 500 words. Write in full sentences, not in bulleted points. AI generated answers will be penalised.\nAudio link: https://drive.google.com/file/d/1i28YWLZmPB28S7jFqOx_8dEqo9fuZ_-P/view?usp=sharing"",""responseType"":""TEXT"",""options"":[],""answerIndex"":-1,""weight"":0},{""prompt"":""Email Writing. You are a marketing intern at ABC Educational Consultancy and part of the team organizing a student outreach program as an educational fair. Write an e-mail, not exceeding 300 words, inviting AGT Institute of Technology, one of your partner colleges, to the fair. Highlight how the event might be useful to their students, detail the various services that you provide, and intimate the date, time and venue to them."",""responseType"":""TEXT"",""options"":[],""answerIndex"":-1,""weight"":0}]",K,75,2026-06-20T11:40:53.762Z,2026-06-20T11:40:53.762Z,CSM
APTB1,Aptitude Exam - June 25 (RA1B  & FA2B),"Aptitude Assessment Guidelines

1. All tab switches during the assessment will be monitored and recorded.
2. Candidates are required to keep their camera turned on throughout the assessment.
3. All participants must join the Google Meet session sharply at 8:00 PM. Late entry may not be permitted.
4. More than two tab switches will result in immediate disqualification from the assessment.
5.Any form of malpractice, misconduct, or unfair means will lead to immediate termination of the opportunity from the IIC. Such candidates will not be considered for any future IIC registrations or opportunities.
6. Candidates are advised to maintain professionalism and strictly adhere to the assessment guidelines.",CLOSED,2026-06-25 18:00:00,2026-06-25 18:50:00,45,"[{""prompt"":""A shopkeeper marks up a product by 40% and then offers a 20% discount. What is the net profit percentage?"",""options"":[""8%"",""12%"",""16%"",""20%""],""answerIndex"":1,""weight"":1},{""prompt"":""If 30% of a number added to 24 gives 54 what is the number?"",""options"":[""80"",""90"",""100"",""120""],""answerIndex"":2,""weight"":1},{""prompt"":""A student scored 72% in an exam. If the maximum marks are 650 how many marks did the student score?"",""options"":[""458"",""468"",""475"",""480""],""answerIndex"":1,""weight"":1},{""prompt"":""The average of 5 numbers is 42. If one number is excluded the average becomes 40. What is the excluded number?"",""options"":[""48"",""50"",""52"",""54""],""answerIndex"":1,""weight"":1},{""prompt"":""The average age of 10 students is 14 years. When a teacher joins the group the average becomes 16 years. What is the teacher's age?"",""options"":[""36"",""38"",""40"",""42""],""answerIndex"":0,""weight"":1},{""prompt"":""Two numbers are in the ratio 3:5. If 10 is added to each the new ratio becomes 5:7. What are the original numbers?"",""options"":[""12 and 20"",""15 and 25"",""18 and 30"",""21 and 35""],""answerIndex"":1,""weight"":1},{""prompt"":""A sum of Rs 1200 is divided among A B and C in the ratio 2:3:5. How much does B get?"",""options"":[""240"",""360"",""480"",""600""],""answerIndex"":1,""weight"":1},{""prompt"":""If A:B = 4:5 and B:C = 3:4 what is A:C?"",""options"":[""3:5"",""12:20"",""12:17"",""3:7""],""answerIndex"":1,""weight"":1},{""prompt"":""A bag contains 4 red 5 blue and 6 green balls. One ball is drawn at random. What is the probability it is not red?"",""options"":[""11/15"",""4/15"",""7/15"",""2/3""],""answerIndex"":0,""weight"":1},{""prompt"":""Two dice are rolled. What is the probability that the sum is 8?"",""options"":[""5/36"",""6/36"",""7/36"",""8/36""],""answerIndex"":0,""weight"":1},{""prompt"":""The average of 8 consecutive even numbers is 61. What is the largest number?"",""options"":[""64"",""66"",""68"",""Invalid""],""answerIndex"":3,""weight"":1},{""prompt"":""In how many ways can 5 people be arranged in a row?"",""options"":[""60"",""100"",""120"",""240""],""answerIndex"":2,""weight"":1},{""prompt"":""A card is drawn from a standard deck of 52 cards. What is the probability of drawing a king or a heart?"",""options"":[""16/52"",""17/52"",""4/13"",""1/4""],""answerIndex"":1,""weight"":1},{""prompt"":""How many 4-digit numbers can be formed using digits 1 to 7 with no repetition?"",""options"":[""840"",""720"",""604"",""940""],""answerIndex"":0,""weight"":1},{""prompt"":""The mean of a data set is 50 and the standard deviation is 5. What is the coefficient of variation?"",""options"":[""5%"",""10%"",""15%"",""20%""],""answerIndex"":1,""weight"":1},{""prompt"":""The median of the set {3 7 9 13 17 21 25} is:"",""options"":[""9"",""13"",""17"",""21""],""answerIndex"":1,""weight"":1},{""prompt"":""A committee of 3 is to be chosen from 6 men and 4 women such that at least 1 woman is included. How many ways is this possible?"",""options"":[""80"",""90"",""100"",""120""],""answerIndex"":2,""weight"":1},{""prompt"":""Solve for x: 3x + 7 = 2x - 5"",""options"":[""−10"",""−12"",""−14"",""−16""],""answerIndex"":1,""weight"":1},{""prompt"":""If the mode of a data set is 15 and the mean is 21, what is the median according to the empirical formula?"",""options"":[""18"",""19"",""20"",""21""],""answerIndex"":1,""weight"":1},{""prompt"":""The sum of a number and its reciprocal is 10/3. What is the number?"",""options"":[""2 or 1/2"",""3 or 1/3"",""4 or 1/4"",""5 or 1/5""],""answerIndex"":1,""weight"":1},{""prompt"":""A can complete a work in 15 days and B can complete it in 10 days. In how many days can they complete it together?"",""options"":[""5"",""6"",""7"",""8""],""answerIndex"":1,""weight"":1},{""prompt"":""A and B together can do a job in 12 days. A alone takes 20 days. How long will B alone take?"",""options"":[""25"",""28"",""30"",""32""],""answerIndex"":2,""weight"":1},{""prompt"":""If 12 workers can build a wall in 18 days how many workers are needed to build it in 12 days?"",""options"":[""16"",""18"",""20"",""22""],""answerIndex"":1,""weight"":1},{""prompt"":""If 2x - 3y = 12 and x + y = 1, what is the value of x?"",""options"":[""3"",""4"",""5"",""6""],""answerIndex"":0,""weight"":1},{""prompt"":""A train travels 240 km in 4 hours. What speed must it maintain for the next 360 km to average 80 km/h overall?"",""options"":[""100 km/h"",""102.86 km/h"",""105 km/h"",""110 km/h""],""answerIndex"":1,""weight"":1},{""prompt"":""A person walks at 5 km/h and reaches 10 minutes late. At 6 km/h he is 5 minutes early. What is the distance?"",""options"":[""7 km"",""7.5 km"",""8 km"",""8.5 km""],""answerIndex"":1,""weight"":1},{""prompt"":""Find the next term in the series: 2 6 12 20 30 _"",""options"":[""40"",""42"",""44"",""46""],""answerIndex"":1,""weight"":1},{""prompt"":""Two trains 150 m and 200 m long approach each other at 60 km/h and 90 km/h respectively. How long do they take to cross each other?"",""options"":[""8.4 sec"",""10 sec"",""12 sec"",""14 sec""],""answerIndex"":0,""weight"":1},{""prompt"":""In a code language, if CAT = 3120 using alphabet positions concatenated, then DOG = ?"",""options"":[""4157"",""4715"",""41523"",""41522""],""answerIndex"":0,""weight"":1},{""prompt"":""P, Q, R, S, and T are sitting in a row facing north. Q is immediately to the right of P. T is at the extreme right. R and S have exactly one person between them. S is not adjacent to T. Who is sitting in the middle?"",""options"":[""Q"",""R"",""S"",""Cannot be determined""],""answerIndex"":3,""weight"":1}]",L,161,2026-06-23T11:48:16.378Z,2026-06-23T11:48:41.069Z,APTITUDE
csm,CSM Level 1 Exception Exam,A non-MCQ communication skills assessment. Students provide video and written responses directly in the response sheet.,CLOSED,2026-06-27 14:00:00,2026-06-29 23:59:00,0,"[{""prompt"":""Formal Dressed - Self Intro video activity. Please follow the guidelines shared - formal dress code. No distraction in the room you record the video. Introduce yourself briefly. Make a video recording of your self-introduction and upload the same as the answer to this question (not exceeding 3 minutes).\nThe drive link to the video may be uploaded in the given field. Your \""Share\"" settings should be such that anyone with the link can open the file. If the file cannot be opened due to your drive settings, your answer will be disqualified from evaluation and you will be marked zero."",""responseType"":""URL"",""options"":[],""answerIndex"":-1,""weight"":0},{""prompt"":""Listening Skill Assessment - Listen and Speak. Do you agree with the speakers? Why or why not? Prepare a short audio recording not exceeding 3 minutes stating your own opinion on the matter and giving arguments to support your answer. AI generated answers will be penalised. The drive link to the audio may be uploaded in the given field. Your \""Share\"" settings should be such that anyone with the link can open the file. If the file cannot be opened due to your drive settings, your answer will be disqualified from evaluation and you will be marked zero.\nAudio link: https://drive.google.com/file/d/1i28YWLZmPB28S7jFqOx_8dEqo9fuZ_-P/view?usp=sharing"",""responseType"":""URL"",""options"":[],""answerIndex"":-1,""weight"":0},{""prompt"":""Listening Skill Assessment - Listen and write. Listen to the audio sample and summarise the opinions voiced by the speakers in no more than 500 words. Write in full sentences, not in bulleted points. AI generated answers will be penalised.\nAudio link: https://drive.google.com/file/d/1i28YWLZmPB28S7jFqOx_8dEqo9fuZ_-P/view?usp=sharing"",""responseType"":""TEXT"",""options"":[],""answerIndex"":-1,""weight"":0},{""prompt"":""Email Writing. You are a marketing intern at ABC Educational Consultancy and part of the team organizing a student outreach program as an educational fair. Write an e-mail, not exceeding 300 words, inviting AGT Institute of Technology, one of your partner colleges, to the fair. Highlight how the event might be useful to their students, detail the various services that you provide, and intimate the date, time and venue to them."",""responseType"":""TEXT"",""options"":[],""answerIndex"":-1,""weight"":0}]",O,21,2026-06-27T08:00:38.960Z,2026-06-27T08:00:38.960Z,CSM
APTB1,Aptitude Final and Exceptional Attempt,"Aptitude Assessment Guidelines

1. All tab switches during the assessment will be monitored and recorded.
2. Candidates are required to keep their camera turned on throughout the assessment.
3. All participants must join the Google Meet session sharply at 8:00 PM. Late entry may not be permitted.
4. More than two tab switches will result in immediate disqualification from the assessment.
5.Any form of malpractice, misconduct, or unfair means will lead to immediate termination of the opportunity from the IIC. Such candidates will not be considered for any future IIC registrations or opportunities.
6. Candidates are advised to maintain professionalism and strictly adhere to the assessment guidelines.",CLOSED,2026-07-03 20:00:00,2026-07-03 21:00:00,45,"[{""prompt"":""A shopkeeper marks up a product by 40% and then offers a 20% discount. What is the net profit percentage?"",""options"":[""8%"",""12%"",""16%"",""20%""],""answerIndex"":1,""weight"":1},{""prompt"":""If 30% of a number added to 24 gives 54 what is the number?"",""options"":[""80"",""90"",""100"",""120""],""answerIndex"":2,""weight"":1},{""prompt"":""A student scored 72% in an exam. If the maximum marks are 650 how many marks did the student score?"",""options"":[""458"",""468"",""475"",""480""],""answerIndex"":1,""weight"":1},{""prompt"":""The average of 5 numbers is 42. If one number is excluded the average becomes 40. What is the excluded number?"",""options"":[""48"",""50"",""52"",""54""],""answerIndex"":1,""weight"":1},{""prompt"":""The average age of 10 students is 14 years. When a teacher joins the group the average becomes 16 years. What is the teacher's age?"",""options"":[""36"",""38"",""40"",""42""],""answerIndex"":0,""weight"":1},{""prompt"":""Two numbers are in the ratio 3:5. If 10 is added to each the new ratio becomes 5:7. What are the original numbers?"",""options"":[""12 and 20"",""15 and 25"",""18 and 30"",""21 and 35""],""answerIndex"":1,""weight"":1},{""prompt"":""A sum of Rs 1200 is divided among A B and C in the ratio 2:3:5. How much does B get?"",""options"":[""240"",""360"",""480"",""600""],""answerIndex"":1,""weight"":1},{""prompt"":""If A:B = 4:5 and B:C = 3:4 what is A:C?"",""options"":[""3:5"",""12:15"",""12:17"",""3:7""],""answerIndex"":0,""weight"":1},{""prompt"":""A bag contains 4 red 5 blue and 6 green balls. One ball is drawn at random. What is the probability it is not red?"",""options"":[""11/15"",""4/15"",""7/15"",""2/3""],""answerIndex"":0,""weight"":1},{""prompt"":""Two dice are rolled. What is the probability that the sum is 8?"",""options"":[""5/36"",""6/36"",""7/36"",""8/36""],""answerIndex"":0,""weight"":1},{""prompt"":""The average of 8 consecutive odd numbers is 60. What is the largest number?"",""options"":[""64"",""66"",""67"",""Invalid""],""answerIndex"":2,""weight"":1},{""prompt"":""In how many ways can 5 people be arranged in a row?"",""options"":[""60"",""100"",""120"",""240""],""answerIndex"":2,""weight"":1},{""prompt"":""A card is drawn from a standard deck of 52 cards. What is the probability of drawing a king or a heart?"",""options"":[""12/52"",""17/52"",""4/13"",""1/4""],""answerIndex"":2,""weight"":1},{""prompt"":""How many 4-digit numbers can be formed using digits 1 to 7 with no repetition?"",""options"":[""840"",""720"",""604"",""940""],""answerIndex"":0,""weight"":1},{""prompt"":""The mean of a data set is 50 and the standard deviation is 5. What is the coefficient of variation?"",""options"":[""5%"",""10%"",""15%"",""20%""],""answerIndex"":1,""weight"":1},{""prompt"":""The median of the set {3 7 9 13 17 21 25} is:"",""options"":[""9"",""13"",""17"",""21""],""answerIndex"":1,""weight"":1},{""prompt"":""A committee of 3 is to be chosen from 6 men and 4 women such that at least 1 woman is included. How many ways is this possible?"",""options"":[""80"",""90"",""100"",""120""],""answerIndex"":2,""weight"":1},{""prompt"":""Solve for x: 3x + 7 = 2x - 5"",""options"":[""−10"",""−12"",""−14"",""−16""],""answerIndex"":1,""weight"":1},{""prompt"":""If the mode of a data set is 15 and the mean is 21, what is the median according to the empirical formula?"",""options"":[""18"",""19"",""20"",""21""],""answerIndex"":1,""weight"":1},{""prompt"":""The sum of a number and its reciprocal is 10/3. What is the number?"",""options"":[""2 or 1/2"",""3 or 1/3"",""4 or 1/4"",""5 or 1/5""],""answerIndex"":1,""weight"":1},{""prompt"":""A can complete a work in 15 days and B can complete it in 10 days. In how many days can they complete it together?"",""options"":[""5"",""6"",""7"",""8""],""answerIndex"":1,""weight"":1},{""prompt"":""A and B together can do a job in 12 days. A alone takes 20 days. How long will B alone take?"",""options"":[""25"",""28"",""30"",""32""],""answerIndex"":2,""weight"":1},{""prompt"":""If 12 workers can build a wall in 18 days how many workers are needed to build it in 12 days?"",""options"":[""16"",""18"",""20"",""22""],""answerIndex"":1,""weight"":1},{""prompt"":""If 2x - 3y = 12 and x + y = 1, what is the value of x?"",""options"":[""3"",""4"",""5"",""6""],""answerIndex"":0,""weight"":1},{""prompt"":""A train travels 240 km in 4 hours. What speed must it maintain for the next 360 km to average 80 km/h overall?"",""options"":[""100 km/h"",""102.86 km/h"",""105 km/h"",""110 km/h""],""answerIndex"":1,""weight"":1},{""prompt"":""A person walks at 5 km/h and reaches 10 minutes late. At 6 km/h he is 5 minutes early. What is the distance?"",""options"":[""7 km"",""7.5 km"",""8 km"",""8.5 km""],""answerIndex"":1,""weight"":1},{""prompt"":""Find the next term in the series: 2 6 12 20 30 _"",""options"":[""40"",""42"",""44"",""46""],""answerIndex"":1,""weight"":1},{""prompt"":""Two trains 150 m and 200 m long approach each other at 60 km/h and 90 km/h respectively. How long do they take to cross each other?"",""options"":[""8.4 sec"",""10 sec"",""12 sec"",""14 sec""],""answerIndex"":0,""weight"":1},{""prompt"":""In a code language, if CAT = 3120 using alphabet positions concatenated, then DOG = ?"",""options"":[""4157"",""4715"",""41523"",""41522""],""answerIndex"":0,""weight"":1},{""prompt"":""P, Q, R, S, and T are sitting in a row facing north. Q is immediately to the right of P. T is at the extreme right. R and S have exactly one person between them. S is not adjacent to T. Who is sitting in the middle?"",""options"":[""Q"",""R"",""S"",""P""],""answerIndex"":3,""weight"":1}]",P,39,2026-06-30T06:20:53.023Z,2026-06-30T06:32:18.019Z,APTITUDE
PPMB1,Exceptional PPM Assessment - July 7,Kindly complete the submission within the specified deadline.,CLOSED,2026-07-07 8:37:00,2026-07-09 23:59:00,0,"[{""prompt"":""A technical team models a database system's transaction failures and determines that there is a p = 0.12 probability of write-concurrency blockages during the daily data synchronization window. The operations group requires technical details to implement mitigation scripts, while the product VP is highly sensitive to customer experience metrics. How should the lead engineer structure the communication?"",""options"":[""Issue a unified diagnostic dump containing raw lock-contention logs and mathematical latency distributions to all stakeholders to ensure transparency."",""Provide a high-level qualitative reassurance to both groups that the system is stable, while quietly deploying a sequential patch."",""Issue a structured report featuring an executive summary explaining that 12% of peak transactions may experience short retries, and include a technical appendix detailing lock-contention mechanics for the operations group."",""Recommend that the product VP attend a database administration deep-dive to understand the concurrent transaction isolation levels.""],""answerIndex"":2,""weight"":1},{""prompt"":""An analytics platform indicates that a newly deployed product recommendations model did not meet its conversion targets due to shifts in regional user demographics. How should the analyst present this to the executive sponsors to preserve credibility?"",""options"":[""Attribute the performance gap entirely to unpredictable market conditions and suggest waiting another quarter for better data."",""Frame the presentation around the model's high mathematical complexity and the quality of the underlying codebase."",""Acknowledge the conversion gap, isolate the demographic shift using historical baseline data, and present a clear, structured plan to retrain the model."",""Recommend deprecating the recommendation engine immediately and returning to a simple, heuristic-based listing system.""],""answerIndex"":2,""weight"":1},{""prompt"":""A cross-functional team is presenting an API latency analysis to business partners who are sensitive to customer churn. Which phrasing is most appropriate to ensure the business stakeholders comprehend the implications?"",""options"":[""The API's 99th percentile response latency has increased by 350 milliseconds, causing a change in our database read distributions."",""The system is experiencing network performance degradation, which is impacting our core microservices and database queries."",""An increase in checkout API latency is directly causing a 5% drop in complete checkouts, representing an estimated loss of $15,000 in daily revenue."",""The server response times are slower because of high traffic, but the engineering team is actively working on optimization.""],""answerIndex"":2,""weight"":1},{""prompt"":""An analyst needs to design a dashboard interface for a retail operations manager who needs to monitor transaction anomalies. Which layout design is most effective?"",""options"":[""A detailed data table showing all transaction records, allowing the manager to manually scroll and spot discrepancies."",""A single KPI card showing the active anomaly count, which expands to a prioritized, searchable table of flagged transactions when clicked."",""An automated daily PDF report containing 15 different bar charts tracking every product category's inventory levels."",""A live, scrolling terminal feed showing raw security log events as they occur on the server.""],""answerIndex"":1,""weight"":1},{""prompt"":""An analyst discovers a significant query logic error in a monthly sales report that has already been delivered to the finance director. What is the most professional way to handle this?"",""options"":[""Correct the query logic silently and apply the fix only to future monthly reports to avoid causing confusion."",""Inform the finance director of the query logic error, quantify the exact financial variance between the reports, and deliver the corrected report immediately."",""Submit an anonymous IT helpdesk ticket requesting a database schema review and wait for the standard response."",""Suggest that the variance is a minor data update issue caused by late-reporting regional transactions.""],""answerIndex"":1,""weight"":1},{""prompt"":""An engineering team is explaining a complex data pipeline migration to a non-technical project manager. Which analogy is most appropriate to use?"",""options"":[""Comparing the data migration to moving water from a reservoir to household taps using a new filtration system and pipeline network."",""Explaining the step-by-step SQL syntax used in the ETL scripts."",""Describing the raw database schemas and key constraints in the target tables."",""Advising the project manager to rely on the engineering team's expertise rather than trying to understand the pipeline's mechanics.""],""answerIndex"":0,""weight"":1},{""prompt"":""During an executive review, an analyst is asked about a sudden drop in a key performance metric. The analyst has not yet completed the root-cause analysis. What is the most appropriate response?"",""options"":[""Provide several likely causes during the meeting to demonstrate quick thinking, even without supporting data."",""Acknowledge the drop, state that the root-cause analysis is currently underway, and provide a clear timeline for delivering the findings."",""Avoid mentioning the drop during the review and focus the presentation on positive performance metrics."",""Suggest that the drop is likely a temporary data reporting anomaly that will resolve itself next month.""],""answerIndex"":1,""weight"":1},{""prompt"":""A data science team is presenting a predictive model for real-estate pricing to risk-averse investment managers. How should the model's performance be communicated?"",""options"":[""Focus exclusively on the maximum upside predictions and optimistic market growth scenarios."",""Present the mean absolute percentage error (MAPE) alongside a detailed sensitivity analysis showing how the model performs during market downturns."",""Focus on the underlying neural network's architecture to demonstrate technical superiority."",""Assure the managers that the model is highly accurate and free of statistical uncertainty.""],""answerIndex"":1,""weight"":1},{""prompt"":""A business analyst discovers that an automated marketing campaign is targeting the wrong customer segment due to a database join error. What is the best way to communicate this to the marketing manager?"",""options"":[""Inform the manager that the database architecture is poorly designed and requires a complete overhaul."",""Quantify the volume of misdirected emails, explain the technical root cause of the join error, and present a verified SQL patch that resolves the issue immediately."",""Quietly fix the SQL query and hope the marketing manager does not notice the historical discrepancies."",""Submit an anonymous IT helpdesk ticket and wait for the standard turnaround time.""],""answerIndex"":1,""weight"":1},{""prompt"":""When presenting a data-driven proposal for a major process change, what is the most effective structure for a 10-minute presentation to busy C-suite executives?"",""options"":[""Spend 8 minutes on the technical data extraction process and 2 minutes on the strategic recommendation."",""Start immediately with the strategic recommendation and its financial impact, spend 6 minutes on supporting data evidence, and close with a clear call to action."",""Deliver a chronological history of how the business arrived at its current process inefficiencies."",""Walk through every feature engineering iteration tried by the data science team.""],""answerIndex"":1,""weight"":1},{""prompt"":""A business executive reviews an analysis showing a strong positive correlation (r = 0.87) between social media ad spend and weekly physical store traffic. The executive declares: 'We must immediately double our social media budget to drive more in-store sales.' How should the analyst address this conclusion?"",""options"":[""Agree with the decision, as the strong correlation coefficient (r) indicates a clear causal relationship."",""Explain that while the correlation is strong, a third variable—such as a major holiday shopping season—might be driving both metrics, and recommend a localized A/B test to isolate the true causal effect."",""Inform the executive that correlation is mathematically useless and refuse to support the decision."",""Redraw the correlation plot using a logarithmic scale to make the relationship appear less linear.""],""answerIndex"":1,""weight"":1},{""prompt"":""A data analyst's mid-year report indicates a 15% increase in customer churn rates. The customer support VP insists that delayed product updates are the sole cause. However, the data also reveals a significant drop in first-contact resolution (FCR) rates by the support team. How should the analyst present these findings?"",""options"":[""Exclude the FCR metric to avoid conflicting with the VP's hypothesis and preserve team harmony."",""Present both hypotheses neutrally, highlighting that while product delays are a factor, statistical modeling indicates that drops in FCR have a stronger predictive relationship with churn."",""Attribute the entire churn spike to support team performance, exonerating the product development team."",""State that because both variables are correlated with churn, it is impossible to draw any actionable business conclusions.""],""answerIndex"":1,""weight"":1},{""prompt"":""A stakeholder demands to know the exact completion date of a predictive analytics project that contains significant data quality ambiguities. What is the most professional way to handle this request?"",""options"":[""Provide an optimistic, single-date estimate to reassure the stakeholder, then work overtime to meet it."",""Refuse to provide any timeline until all data quality issues are completely resolved and verified."",""Present a range-based timeline mapped to key data-cleaning milestones, explaining how resolving specific data ambiguities will impact the project's delivery."",""Ask the stakeholder to resolve the data quality issues themselves before asking for a timeline.""],""answerIndex"":2,""weight"":1},{""prompt"":""An analysis shows that users who complete an optional profile setup step have a 40% higher customer lifetime value (LTV). The product manager wants to make this profile step mandatory for all users. What is the most critical analytical warning the analyst must deliver?"",""options"":[""Making the step mandatory will automatically increase all users' LTV by 40%."",""Completing the profile may be a self-selection signal of already highly engaged users; forcing disengaged users to complete it could increase signup drop-offs without boosting LTV."",""The profile setup step is computationally expensive and will crash our database servers."",""We should not change the product because our current data model is optimized for the existing layout.""],""answerIndex"":1,""weight"":1},{""prompt"":""A marketing lead insists that a short-term pricing promotion caused a sudden spike in website conversions. However, the analyst notes that the spike coincided with a major competitor's server outage. How should the analyst resolve this ambiguity?"",""options"":[""Attribute the spike to the pricing promotion to support the marketing lead's campaign performance metrics."",""Conduct a comparative traffic analysis during the competitor's outage period using historical baseline data to isolate external demand spillover from internal promotional effects."",""Declare the analysis inconclusive and advise against running any future pricing promotions."",""Suggest that the pricing promotion caused the competitor's server outage.""],""answerIndex"":1,""weight"":1},{""prompt"":""An operations executive asks for a simple, single-sentence executive summary explaining why shipping costs rose by 20% this quarter. The data points to a complex mix of fuel price increases, driver shortages, and inefficient warehouse routing. Which summary is most appropriate?"",""options"":[""Shipping costs rose by 20% due to factors that are completely outside of the company's operational control."",""A 20% increase in shipping costs was driven by rising external fuel prices and driver shortages, which was further compounded by a 5% drop in warehouse routing efficiency."",""We need to conduct a series of deep-dive analyses over the next few months to understand why costs are rising."",""Our warehousing operations are highly inefficient, which is the primary driver of our current cost overrun.""],""answerIndex"":1,""weight"":1},{""prompt"":""A retail brand's data analyst finds that organic website traffic and physical store sales both drop on rainy days. A business manager concludes that rain causes people to lose interest in the brand. How should the analyst reframe this observation?"",""options"":[""Agree with the manager's behavioral analysis and suggest launching a rain-themed marketing campaign."",""Explain that rain acts as an environmental barrier to physical mobility, which impacts physical retail visits, while the drop in organic web traffic may point to a broader shift in consumer behavior on rainy days that requires further investigation."",""Ignore the physical store data and focus exclusively on optimizing website performance during sunny days."",""Run a simulation to prove that rain has no statistical relationship with consumer purchase intent.""],""answerIndex"":1,""weight"":1},{""prompt"":""A stakeholder presents a third-party report showing that 'companies using AI have 50% higher profit margins' and demands an immediate, unstructured deployment of generative AI tools across all departments. What is the most rational analytical response?"",""options"":[""Implement the tools immediately to ensure the company does not fall behind its competitors."",""Point out that high-margin companies have more capital to invest in experimental AI technologies, meaning high margins may be driving AI adoption rather than vice versa, and propose a structured pilot program with clear metrics."",""Inform the stakeholder that the third-party report is likely biased and refuse to implement any AI tools."",""Deploy the tools in a single department and attribute any subsequent margin improvements entirely to AI.""],""answerIndex"":1,""weight"":1},{""prompt"":""An A/B test reveals that a new homepage design increased click-through rates (CTR) by 2%, but also resulted in a 5% drop in average order value (AOV). The product owner only wants to report the positive CTR result to executive leadership. How should the analyst handle this?"",""options"":[""Comply with the request to maintain a positive relationship with the product owner."",""Present a balanced view to both the product owner and executive leadership, highlighting the trade-off between CTR and AOV, and calculate the net impact on total revenue to determine the optimal strategy."",""Report only the negative AOV result directly to executive leadership to bypass the product owner."",""Stop working on the project due to ethical concerns regarding data omission.""],""answerIndex"":1,""weight"":1},{""prompt"":""A senior stakeholder wants to know if a newly implemented training program 'caused' an increase in employee productivity. What is the most statistically rigorous way for the analyst to explain the limitations of the current observational data?"",""options"":[""The data proves causality because productivity rose immediately after the training was completed."",""Without a control group of employees who did not receive the training, we cannot isolate the training's impact from other external factors like seasonal workflows or team restructuring."",""Causality is a purely theoretical concept that cannot be measured or applied in a real-world corporate environment."",""The training program definitely caused the productivity increase, and we should roll it out to all remaining departments.""],""answerIndex"":1,""weight"":1}]",O,2,2026-07-08T03:08:15.134Z,2026-07-08T03:08:15.134Z,PREPLACEMENT
csm,Exceptional CSM Assessment - July 7,A non-MCQ communication skills assessment. Students provide video and written responses directly in the response sheet.,CLOSED,2026-07-07 8:39:00,2026-07-09 23:59:00,0,"[{""prompt"":""Formal Dressed - Self Intro video activity. Please follow the guidelines shared - formal dress code. No distraction in the room you record the video. Introduce yourself briefly. Make a video recording of your self-introduction and upload the same as the answer to this question (not exceeding 3 minutes).\nThe drive link to the video may be uploaded in the given field. Your \""Share\"" settings should be such that anyone with the link can open the file. If the file cannot be opened due to your drive settings, your answer will be disqualified from evaluation and you will be marked zero."",""responseType"":""URL"",""options"":[],""answerIndex"":-1,""weight"":0},{""prompt"":""Listening Skill Assessment - Listen and Speak. Do you agree with the speakers? Why or why not? Prepare a short audio recording not exceeding 3 minutes stating your own opinion on the matter and giving arguments to support your answer. AI generated answers will be penalised. The drive link to the audio may be uploaded in the given field. Your \""Share\"" settings should be such that anyone with the link can open the file. If the file cannot be opened due to your drive settings, your answer will be disqualified from evaluation and you will be marked zero.\nAudio link: https://drive.google.com/file/d/1i28YWLZmPB28S7jFqOx_8dEqo9fuZ_-P/view?usp=sharing"",""responseType"":""URL"",""options"":[],""answerIndex"":-1,""weight"":0},{""prompt"":""Listening Skill Assessment - Listen and write. Listen to the audio sample and summarise the opinions voiced by the speakers in no more than 500 words. Write in full sentences, not in bulleted points. AI generated answers will be penalised.\nAudio link: https://drive.google.com/file/d/1i28YWLZmPB28S7jFqOx_8dEqo9fuZ_-P/view?usp=sharing"",""responseType"":""TEXT"",""options"":[],""answerIndex"":-1,""weight"":0},{""prompt"":""Email Writing. You are a marketing intern at ABC Educational Consultancy and part of the team organizing a student outreach program as an educational fair. Write an e-mail, not exceeding 300 words, inviting AGT Institute of Technology, one of your partner colleges, to the fair. Highlight how the event might be useful to their students, detail the various services that you provide, and intimate the date, time and venue to them."",""responseType"":""TEXT"",""options"":[],""answerIndex"":-1,""weight"":0}]",P,2,2026-07-08T03:09:24.323Z,2026-07-08T03:09:24.323Z,CSM
TMCQDSB1,Tech MCQ (Data Science) - RA1B & FA2B,"TECH MCQ Assessment Guidelines

1. All tab switches during the assessment will be monitored and recorded.
2. Candidates are required to keep their camera turned on throughout the assessment.
3. All participants must join the Google Meet session sharply at 8:00 PM. Late entry may not be permitted.
4. More than two tab switches will result in immediate disqualification from the assessment.
5.Any form of malpractice, misconduct, or unfair means will lead to immediate termination of the opportunity from the IIC. Such candidates will not be considered for any future IIC registrations or opportunities.
6. Candidates are advised to maintain professionalism and strictly adhere to the assessment guidelines.",CLOSED,2026-07-13 20:00:00,2026-07-13 21:00:00,45,"[{""prompt"":""You are developing a spam email classifier. After training your model, you notice that it performs exceptionally well on the training data but poorly on unseen test data. What is the most likely cause?"",""options"":[""The model has high bias"",""The model has high variance"",""The model has optimal regularization"",""The model is underfitting""],""answerIndex"":1,""weight"":1},{""prompt"":""You are building a house price prediction model using linear regression. After verifying data quality, the model's R² value remains very low. What should you do next?"",""options"":[""Add relevant features based on domain knowledge"",""Deploy the model to production"",""Decrease the size of the training data"",""Ignore the R-squared value""],""answerIndex"":0,""weight"":1},{""prompt"":""While building a fraud detection system, you notice that fraudulent transactions represent less than 1% of all transactions. Which evaluation metric is most important if missing a fraud case is very costly?"",""options"":[""Accuracy"",""Precision"",""Recall"",""Mean Squared Error""],""answerIndex"":2,""weight"":1},{""prompt"":""You are using K-Means clustering to segment customers. The clusters overlap significantly. The features are on different scales. What should you do first before trying a different clustering algorithm?"",""options"":[""Scale and normalize the features"",""Randomly remove records"",""Reduce the dataset size"",""Convert numerical features to text""],""answerIndex"":0,""weight"":1},{""prompt"":""You train a binary classification model and obtain an F1-score of 0.20. What does this indicate?"",""options"":[""The model has a poor balance between precision and recall"",""The model has perfect precision"",""The model has perfect recall"",""The model is overfitting""],""answerIndex"":0,""weight"":1},{""prompt"":""Your company uses a recommendation engine for personalized ads. Users complain that the recommendations are irrelevant. Which technique can help improve personalization?"",""options"":[""Using cosine similarity"",""Increasing the learning rate"",""Adding more regularization"",""Using a smaller dataset""],""answerIndex"":0,""weight"":1},{""prompt"":""A sales database contains billions of rows. Monthly reporting queries are slow despite indexing. Which technique is specifically designed to improve performance for large time-based datasets?"",""options"":[""Table Partitioning"",""Data Duplication"",""Additional Foreign Keys"",""Increased Normalization""],""answerIndex"":0,""weight"":1},{""prompt"":""A finance company uses a database to log all transactions. They need to ensure that either an entire transaction completes successfully or none of it is applied, especially during system crashes. Which ACID property guarantees this?"",""options"":[""Durability"",""Atomicity"",""Consistency"",""Isolation""],""answerIndex"":1,""weight"":1},{""prompt"":""A company wants to identify key factors influencing customer churn. They build a logistic regression model and obtain a high p-value for a feature. What does this indicate?"",""options"":[""The feature strongly predicts churn"",""The feature is statistically insignificant in predicting churn"",""The model is overfitting"",""The feature guarantees multicollinearity""],""answerIndex"":1,""weight"":1},{""prompt"":""A retailer uses time-series analysis to forecast future sales. The data contains strong seasonal patterns. Which model is most appropriate among the following options?"",""options"":[""ARIMA with seasonal differencing"",""Linear Regression"",""K-Means Clustering"",""Principal Component Analysis""],""answerIndex"":0,""weight"":1},{""prompt"":""You have a dataset with one million rows and encounter memory issues while processing it in pandas. What is the best approach to optimize memory usage?"",""options"":[""Convert numeric columns to float64"",""Use chunking to process data in smaller batches"",""Increase RAM only"",""Convert the DataFrame to a NumPy array""],""answerIndex"":1,""weight"":1},{""prompt"":""A correlation matrix contains 100 features and is difficult to interpret. Which approach is most effective for highlighting meaningful relationships?"",""options"":[""Increase the plot size"",""Filter and display only correlations above a chosen threshold"",""Change the color scheme"",""Convert all variables to categorical values""],""answerIndex"":1,""weight"":1},{""prompt"":""A dataset contains 10000 records but only 50 belong to the positive class. What is this problem called?"",""options"":[""Data Leakage"",""Class Imbalance"",""Overfitting"",""Feature Scaling""],""answerIndex"":1,""weight"":1},{""prompt"":""Which technique is commonly used to estimate a model's performance on unseen data?"",""options"":[""Feature Encoding"",""Cross Validation"",""Data Sharding"",""Data Cleaning""],""answerIndex"":1,""weight"":1},{""prompt"":""A hospital database needs to uniquely identify each patient and prevent duplicate records. Which key should be used?"",""options"":[""Primary Key"",""Foreign Key"",""Composite Key"",""Candidate Key""],""answerIndex"":0,""weight"":1},{""prompt"":""An online food delivery service wants customers to view their order history without modifying existing orders. Which SQL command is used to retrieve the order history?"",""options"":[""DELETE"",""SELECT"",""INSERT"",""UPDATE""],""answerIndex"":1,""weight"":1},{""prompt"":""A machine learning model performs very well on training data but poorly on validation data. Which technique can help reduce this issue?"",""options"":[""Increase model complexity"",""Add more noise to data"",""Regularization"",""Remove validation set""],""answerIndex"":2,""weight"":1},{""prompt"":""A categorical feature contains values such as Red, Blue, and Green. Which encoding technique is most appropriate for a linear model?"",""options"":[""One-Hot Encoding"",""PCA"",""Normalization"",""Min-Max Scaling""],""answerIndex"":0,""weight"":1},{""prompt"":""What is the primary purpose of Principal Component Analysis (PCA)?"",""options"":[""Increase dataset size"",""Reduce dimensionality while preserving variance"",""Perform clustering"",""Handle missing values""],""answerIndex"":1,""weight"":1},{""prompt"":""A feature has values ranging from 1 to 1000000 while another ranges from 0 to 1. Which preprocessing step is most appropriate before applying K-Means?"",""options"":[""Label Encoding"",""Feature Scaling"",""One-Hot Encoding"",""Data Duplication""],""answerIndex"":1,""weight"":1},{""prompt"":""What is the purpose of an ROC curve in binary classification?"",""options"":[""Measure training speed"",""Compare true positive rate against false positive rate"",""Remove outliers"",""Normalize data""],""answerIndex"":1,""weight"":1},{""prompt"":""A data scientist wants to automatically retrain a model every week using fresh data. What stage of the ML lifecycle does this belong to?"",""options"":[""Feature Engineering"",""Model Deployment and Monitoring"",""Data Visualization"",""Exploratory Data Analysis""],""answerIndex"":1,""weight"":1},{""prompt"":""What is data leakage in machine learning?"",""options"":[""Missing values in dataset"",""Using information unavailable at prediction time during training"",""Storing data in multiple files"",""Using too many features""],""answerIndex"":1,""weight"":1},{""prompt"":""Which evaluation metric is most suitable for a regression problem?"",""options"":[""Accuracy"",""Recall"",""Mean Squared Error (MSE)"",""F1 Score""],""answerIndex"":2,""weight"":1},{""prompt"":""How would you approach debugging a machine learning pipeline that produces unexpected results?"",""options"":[""Use logging and tracing to track execution"",""Inspect intermediate outputs and data transformations"",""Review code and assumptions"",""All of the above""],""answerIndex"":3,""weight"":1}]",Q,112,2026-07-11T16:01:19.143Z,2026-07-11T16:01:19.143Z,TECH_MCQ
TMCQPGB1,Tech MCQ (Programming) - RA1B & FA2B,"TECH MCQ Assessment Guidelines

1. All tab switches during the assessment will be monitored and recorded.
2. Candidates are required to keep their camera turned on throughout the assessment.
3. All participants must join the Google Meet session sharply at 8:00 PM. Late entry may not be permitted.
4. More than two tab switches will result in immediate disqualification from the assessment.
5.Any form of malpractice, misconduct, or unfair means will lead to immediate termination of the opportunity from the IIC. Such candidates will not be considered for any future IIC registrations or opportunities.
6. Candidates are advised to maintain professionalism and strictly adhere to the assessment guidelines.",CLOSED,2026-07-13 20:00:00,2026-07-13 21:00:00,45,"[{""prompt"":""Which of the following best describes an algorithm?"",""options"":[""A set of hardware instructions"",""A step-by-step procedure to solve a problem"",""A programming language"",""A type of database""],""answerIndex"":1,""weight"":1},{""prompt"":""What will be the output of: x = 10; print('Even' if x % 2 == 0 else 'Odd')?"",""options"":[""Odd"",""Even"",""10"",""Error""],""answerIndex"":1,""weight"":1},{""prompt"":""Which loop is best suited when the number of iterations is known in advance?"",""options"":[""while loop"",""do-while loop"",""for loop"",""recursive loop""],""answerIndex"":2,""weight"":1},{""prompt"":""Which Python data structure stores key-value pairs?"",""options"":[""List"",""Tuple"",""Dictionary"",""Set""],""answerIndex"":2,""weight"":1},{""prompt"":""Which module is used to read a CSV file in Python using data analysis libraries?"",""options"":[""numpy"",""pandas"",""os"",""json""],""answerIndex"":1,""weight"":1},{""prompt"":""Which SQL command is used to retrieve data from a table?"",""options"":[""INSERT"",""UPDATE"",""SELECT"",""DELETE""],""answerIndex"":2,""weight"":1},{""prompt"":""A relation is in 2NF if it is in 1NF and every non-key attribute is:"",""options"":[""Partially dependent on the primary key"",""Fully functionally dependent on the primary key"",""Transitively dependent on the primary key"",""Independent of the primary key""],""answerIndex"":1,""weight"":1},{""prompt"":""Which property of a transaction ensures that either all operations succeed or none do?"",""options"":[""Consistency"",""Isolation"",""Durability"",""Atomicity""],""answerIndex"":3,""weight"":1},{""prompt"":""Which indexing technique uses a hash function to determine where records are stored?"",""options"":[""B-Tree indexing"",""Dense indexing"",""Hash indexing"",""Clustered indexing""],""answerIndex"":2,""weight"":1},{""prompt"":""What is the purpose of a ROLLBACK statement in SQL transactions?"",""options"":[""Save changes permanently"",""Undo changes made in the current transaction"",""Create a new transaction"",""Lock the table""],""answerIndex"":1,""weight"":1},{""prompt"":""Which keyword is used in Java to inherit a class?"",""options"":[""implements"",""extends"",""inherits"",""super""],""answerIndex"":1,""weight"":1},{""prompt"":""Which concept allows a subclass to provide a specific implementation of a method defined in its parent class?"",""options"":[""Overloading"",""Abstraction"",""Overriding"",""Encapsulation""],""answerIndex"":2,""weight"":1},{""prompt"":""Which Java collection class allows duplicate elements and maintains insertion order?"",""options"":[""HashSet"",""TreeSet"",""ArrayList"",""HashMap""],""answerIndex"":2,""weight"":1},{""prompt"":""Which Java keyword is used to catch and handle an exception after it is thrown?"",""options"":[""throws"",""error"",""catch"",""finally""],""answerIndex"":2,""weight"":1},{""prompt"":""Which Java keyword is used to create a synchronized block for thread safety?"",""options"":[""volatile"",""synchronized"",""concurrent"",""atomic""],""answerIndex"":1,""weight"":1},{""prompt"":""Which algorithm design technique breaks a problem into overlapping subproblems and stores results?"",""options"":[""Greedy"",""Divide and Conquer"",""Dynamic Programming"",""Backtracking""],""answerIndex"":2,""weight"":1},{""prompt"":""Which string matching algorithm preprocesses the pattern to skip unnecessary comparisons?"",""options"":[""Naive algorithm"",""KMP algorithm"",""Bubble sort"",""Binary search""],""answerIndex"":1,""weight"":1},{""prompt"":""In graph algorithms, which algorithm finds the shortest path from a single source to all vertices?"",""options"":[""Prim's algorithm"",""Kruskal's algorithm"",""Dijkstra's algorithm"",""Floyd-Warshall algorithm""],""answerIndex"":2,""weight"":1},{""prompt"":""Which abstract data type follows the Last-In-First-Out (LIFO) principle?"",""options"":[""Queue"",""Stack"",""Deque"",""Linked List""],""answerIndex"":1,""weight"":1},{""prompt"":""What does the 'Max-Flow Min-Cut' theorem state in network flows?"",""options"":[""Maximum flow equals minimum path cost"",""Maximum flow in a network equals the minimum cut capacity"",""Flow is always zero in a min-cut"",""Minimum cut is always at the source node""],""answerIndex"":1,""weight"":1},{""prompt"":""Which JavaScript keyword is used to declare a variable with block scope?"",""options"":[""var"",""let"",""def"",""dim""],""answerIndex"":1,""weight"":1},{""prompt"":""In Vue.js, which directive is used for two-way data binding on form inputs?"",""options"":[""v-bind"",""v-on"",""v-model"",""v-if""],""answerIndex"":2,""weight"":1},{""prompt"":""Which HTTP method is typically used to create a new resource in a REST API?"",""options"":[""GET"",""POST"",""PUT"",""DELETE""],""answerIndex"":1,""weight"":1},{""prompt"":""Which Vue.js feature is used for managing shared state across multiple components?"",""options"":[""Vue Router"",""Vuex / Pinia"",""Vue CLI"",""Vue Directives""],""answerIndex"":1,""weight"":1},{""prompt"":""What is the primary purpose of asynchronous job queues in web applications?"",""options"":[""To handle real-time database queries"",""To execute long-running tasks without blocking the main thread"",""To manage CSS animations"",""To store user authentication tokens""],""answerIndex"":1,""weight"":1}]",R,35,2026-07-11T16:03:07.142Z,2026-07-11T16:03:07.142Z,TECH_MCQ
TMCQESB1,Tech MCQ (Electronics) - FA2B,"TECH MCQ Assessment Guidelines

1. All tab switches during the assessment will be monitored and recorded.
2. Candidates are required to keep their camera turned on throughout the assessment.
3. All participants must join the Google Meet session sharply at 8:00 PM. Late entry may not be permitted.
4. More than two tab switches will result in immediate disqualification from the assessment.
5.Any form of malpractice, misconduct, or unfair means will lead to immediate termination of the opportunity from the IIC. Such candidates will not be considered for any future IIC registrations or opportunities.
6. Candidates are advised to maintain professionalism and strictly adhere to the assessment guidelines.",CLOSED,2026-07-13 20:00:00,2026-07-13 21:00:00,45,"[{""prompt"":""A 16-bit timer runs at 2 MHz. Maximum delay before overflow is:"",""options"":[""32.7 ms"",""65.5 ms"",""16.3 ms"",""131 ms""],""answerIndex"":0,""weight"":1},{""prompt"":""If ISR (Interrupt Service Routine) execution time exceeds the interrupt interval, the system will:"",""options"":[""Execute faster"",""Lose interrupts / become unstable"",""Show no effect"",""Overflow memory""],""answerIndex"":1,""weight"":1},{""prompt"":""Priority inversion occurs when:"",""options"":[""High-priority blocks low-priority"",""Low priority holds a resource needed by high priority"",""Tasks execute sequentially"",""Interrupts are disabled""],""answerIndex"":1,""weight"":1},{""prompt"":""The main advantage of DMA (Direct Memory Access) is:"",""options"":[""Higher clock speed"",""Lower memory usage"",""CPU offloading"",""Reduced voltage""],""answerIndex"":2,""weight"":1},{""prompt"":""UART (Universal Asynchronous Receiver Transmitter) baud rate = 115200. Time per bit is approximately:"",""options"":[""8.68 µs"",""86.8 µs"",""1 µs"",""0.1 ms""],""answerIndex"":0,""weight"":1},{""prompt"":""SPI (Serial Peripheral Interface) is faster than I2C (Inter-Integrated Circuit) because:"",""options"":[""It uses fewer wires"",""It supports addressing"",""It allows full duplex communication"",""It uses interrupts""],""answerIndex"":2,""weight"":1},{""prompt"":""In I2C (Inter-Integrated Circuit), multiple devices share the bus using:"",""options"":[""Clock division"",""Addressing"",""Interrupts"",""Voltage levels""],""answerIndex"":1,""weight"":1},{""prompt"":""CAN (Controller Area Network) protocol is widely used in automotive systems due to:"",""options"":[""High voltage operation"",""Error detection and arbitration"",""Simplicity"",""Low cost only""],""answerIndex"":1,""weight"":1},{""prompt"":""A 3-bit counter can count from:"",""options"":[""0 to 3"",""0 to 7"",""0 to 8"",""1 to 8""],""answerIndex"":1,""weight"":1},{""prompt"":""Setup time violation leads to:"",""options"":[""Noise"",""Metastability"",""Reduced delay"",""Faster clock""],""answerIndex"":1,""weight"":1},{""prompt"":""Simplify the expression: A + A'B"",""options"":[""A"",""B"",""A + B"",""AB""],""answerIndex"":2,""weight"":1},{""prompt"":""Glitches in digital circuits occur due to:"",""options"":[""High voltage"",""Unequal propagation delay"",""Noise only"",""Low frequency""],""answerIndex"":1,""weight"":1},{""prompt"":""Current through a 2 kΩ resistor at 10 V is:"",""options"":[""5 mA"",""10 mA"",""2 mA"",""20 mA""],""answerIndex"":0,""weight"":1},{""prompt"":""RC time constant for R = 10 kΩ and C = 0.1 µF is:"",""options"":[""1 ms"",""10 ms"",""0.1 ms"",""100 ms""],""answerIndex"":0,""weight"":1},{""prompt"":""Gain of an inverting op-amp with Rf = 20 kΩ and Rin = 5 kΩ is:"",""options"":[""-4"",""4"",""-5"",""5""],""answerIndex"":0,""weight"":1},{""prompt"":""A capacitor behaves like a short circuit for:"",""options"":[""DC"",""High frequency signals"",""Low-frequency signals"",""Static signals""],""answerIndex"":1,""weight"":1},{""prompt"":""A 12-bit ADC with a 3.3 V reference has a resolution of approximately:"",""options"":[""0.8 mV"",""3.3 mV"",""1 mV"",""10 mV""],""answerIndex"":0,""weight"":1},{""prompt"":""Nyquist rate for a 5 kHz signal is:"",""options"":[""5 kHz"",""10 kHz"",""2.5 kHz"",""20 kHz""],""answerIndex"":1,""weight"":1},{""prompt"":""If the sampling frequency equals the signal frequency, it results in:"",""options"":[""Perfect reconstruction"",""Aliasing"",""Amplification"",""Filtering""],""answerIndex"":1,""weight"":1},{""prompt"":""A floating GPIO pin results in:"",""options"":[""Stable LOW"",""Stable HIGH"",""Undefined behavior"",""Zero voltage""],""answerIndex"":2,""weight"":1},{""prompt"":""Debouncing is required for:"",""options"":[""ADC signals"",""Mechanical switches"",""PWM signals"",""UART communication""],""answerIndex"":1,""weight"":1},{""prompt"":""The best tool to analyze digital signal timing is:"",""options"":[""Multimeter"",""Oscilloscope"",""Logic Analyzer"",""Voltmeter""],""answerIndex"":2,""weight"":1},{""prompt"":""Watchdog timer is used to:"",""options"":[""Increase speed"",""Reset the system on failure"",""Improve ADC accuracy"",""Reduce noise""],""answerIndex"":1,""weight"":1},{""prompt"":""Replacing polling with interrupts generally makes the system:"",""options"":[""Slower"",""More efficient"",""Power is always inefficient"",""Non-functional""],""answerIndex"":1,""weight"":1},{""prompt"":""In PCB design, a ground plane helps in:"",""options"":[""Increasing voltage"",""Reducing EMI"",""Increasing resistance"",""Reducing current""],""answerIndex"":1,""weight"":1}]",S,1,2026-07-11T16:05:28.170Z,2026-07-11T16:05:28.170Z,TECH_MCQ
APTB1,Exceptional Aptitude Exam,"Aptitude Assessment Guidelines

1. All tab switches during the assessment will be monitored and recorded.
2. Candidates are required to keep their camera turned on throughout the assessment.
3. All participants must join the Google Meet session sharply at 6:00 PM. Late entry may not be permitted.
4. More than two tab switches will result in immediate disqualification from the assessment.
5.Any form of malpractice, misconduct, or unfair means will lead to immediate termination of the opportunity from the IIC. Such candidates will not be considered for any future IIC registrations or opportunities.
6. Candidates are advised to maintain professionalism and strictly adhere to the assessment guidelines.",CLOSED,2026-07-13 18:00:00,2026-07-13 19:00:00,45,"[{""prompt"":""A bag contains 4 red 5 blue and 6 green balls. One ball is drawn at random. What is the probability it is not red?"",""options"":[""11/15"",""4/15"",""7/15"",""2/3""],""answerIndex"":0,""weight"":1},{""prompt"":""Two dice are rolled. What is the probability that the sum is 8?"",""options"":[""5/36"",""6/36"",""7/36"",""8/36""],""answerIndex"":0,""weight"":1},{""prompt"":""The average of 8 consecutive odd numbers is 60. What is the largest number?"",""options"":[""64"",""66"",""67"",""Invalid""],""answerIndex"":2,""weight"":1},{""prompt"":""In how many ways can 5 people be arranged in a row?"",""options"":[""60"",""100"",""120"",""240""],""answerIndex"":2,""weight"":1},{""prompt"":""A card is drawn from a standard deck of 52 cards. What is the probability of drawing a king or a heart?"",""options"":[""12/52"",""17/52"",""4/13"",""1/4""],""answerIndex"":2,""weight"":1},{""prompt"":""How many 4-digit numbers can be formed using digits 1 to 7 with no repetition?"",""options"":[""840"",""720"",""604"",""940""],""answerIndex"":0,""weight"":1},{""prompt"":""The mean of a data set is 50 and the standard deviation is 5. What is the coefficient of variation?"",""options"":[""5%"",""10%"",""15%"",""20%""],""answerIndex"":1,""weight"":1},{""prompt"":""The median of the set {3 7 9 13 17 21 25} is:"",""options"":[""9"",""13"",""17"",""21""],""answerIndex"":1,""weight"":1},{""prompt"":""A shopkeeper marks up a product by 40% and then offers a 20% discount. What is the net profit percentage?"",""options"":[""8%"",""12%"",""16%"",""20%""],""answerIndex"":1,""weight"":1},{""prompt"":""If 30% of a number added to 24 gives 54 what is the number?"",""options"":[""80"",""90"",""100"",""120""],""answerIndex"":2,""weight"":1},{""prompt"":""A student scored 72% in an exam. If the maximum marks are 650 how many marks did the student score?"",""options"":[""458"",""468"",""475"",""480""],""answerIndex"":1,""weight"":1},{""prompt"":""The average of 5 numbers is 42. If one number is excluded the average becomes 40. What is the excluded number?"",""options"":[""48"",""50"",""52"",""54""],""answerIndex"":1,""weight"":1},{""prompt"":""The average age of 10 students is 14 years. When a teacher joins the group the average becomes 16 years. What is the teacher's age?"",""options"":[""36"",""38"",""40"",""42""],""answerIndex"":0,""weight"":1},{""prompt"":""Two numbers are in the ratio 3:5. If 10 is added to each the new ratio becomes 5:7. What are the original numbers?"",""options"":[""12 and 20"",""15 and 25"",""18 and 30"",""21 and 35""],""answerIndex"":1,""weight"":1},{""prompt"":""A sum of Rs 1200 is divided among A B and C in the ratio 2:3:5. How much does B get?"",""options"":[""240"",""360"",""480"",""600""],""answerIndex"":1,""weight"":1},{""prompt"":""If A:B = 4:5 and B:C = 3:4 what is A:C?"",""options"":[""3:5"",""12:15"",""12:17"",""3:7""],""answerIndex"":0,""weight"":1},{""prompt"":""A train travels 240 km in 4 hours. What speed must it maintain for the next 360 km to average 80 km/h overall?"",""options"":[""100 km/h"",""102.86 km/h"",""105 km/h"",""110 km/h""],""answerIndex"":1,""weight"":1},{""prompt"":""A person walks at 5 km/h and reaches 10 minutes late. At 6 km/h he is 5 minutes early. What is the distance?"",""options"":[""7 km"",""7.5 km"",""8 km"",""8.5 km""],""answerIndex"":1,""weight"":1},{""prompt"":""Find the next term in the series: 2 6 12 20 30 _"",""options"":[""40"",""42"",""44"",""46""],""answerIndex"":1,""weight"":1},{""prompt"":""Two trains 150 m and 200 m long approach each other at 60 km/h and 90 km/h respectively. How long do they take to cross each other?"",""options"":[""8.4 sec"",""10 sec"",""12 sec"",""14 sec""],""answerIndex"":0,""weight"":1},{""prompt"":""In a code language, if CAT = 3120 using alphabet positions concatenated, then DOG = ?"",""options"":[""4157"",""4715"",""41523"",""41522""],""answerIndex"":0,""weight"":1},{""prompt"":""P, Q, R, S, and T are sitting in a row facing north. Q is immediately to the right of P. T is at the extreme right. R and S have exactly one person between them. S is not adjacent to T. Who is sitting in the middle?"",""options"":[""Q"",""R"",""S"",""P""],""answerIndex"":3,""weight"":1},{""prompt"":""A committee of 3 is to be chosen from 6 men and 4 women such that at least 1 woman is included. How many ways is this possible?"",""options"":[""80"",""90"",""100"",""120""],""answerIndex"":2,""weight"":1},{""prompt"":""Solve for x: 3x + 7 = 2x - 5"",""options"":[""−10"",""−12"",""−14"",""−16""],""answerIndex"":1,""weight"":1},{""prompt"":""If the mode of a data set is 15 and the mean is 21, what is the median according to the empirical formula?"",""options"":[""18"",""19"",""20"",""21""],""answerIndex"":1,""weight"":1},{""prompt"":""The sum of a number and its reciprocal is 10/3. What is the number?"",""options"":[""2 or 1/2"",""3 or 1/3"",""4 or 1/4"",""5 or 1/5""],""answerIndex"":1,""weight"":1},{""prompt"":""A can complete a work in 15 days and B can complete it in 10 days. In how many days can they complete it together?"",""options"":[""5"",""6"",""7"",""8""],""answerIndex"":1,""weight"":1},{""prompt"":""A and B together can do a job in 12 days. A alone takes 20 days. How long will B alone take?"",""options"":[""25"",""28"",""30"",""32""],""answerIndex"":2,""weight"":1},{""prompt"":""If 12 workers can build a wall in 18 days how many workers are needed to build it in 12 days?"",""options"":[""16"",""18"",""20"",""22""],""answerIndex"":1,""weight"":1},{""prompt"":""If 2x - 3y = 12 and x + y = 1, what is the value of x?"",""options"":[""3"",""4"",""5"",""6""],""answerIndex"":0,""weight"":1}]",T,3,2026-07-11T16:07:40.600Z,2026-07-11T16:07:40.600Z,APTITUDE